scene_id,iso,noise,mean_noisy0,mean_noisy1mean_noisy2,mean_noisy3,mean_clean0,mean_clean1,mean_clean2,mean_clean3
1,1600,0,0.21073229610919952,0.23432624340057373,0.23425914347171783,0.11803970485925674,0.21150046586990356,0.23507700860500336,0.23500080406665802,0.11840463429689407
2,1600,0,0.11880818009376526,0.18578463792800903,0.18582431972026825,0.09900547564029694,0.11827968060970306,0.18511326611042023,0.18515251576900482,0.09861955046653748
3,1600,0,0.11882951110601425,0.17130766808986664,0.17085352540016174,0.06555299460887909,0.11887633800506592,0.17152684926986694,0.17106057703495026,0.0656220018863678
4,1600,0,0.12854956090450287,0.18072207272052765,0.18076814711093903,0.062336213886737823,0.12841300666332245,0.18060363829135895,0.180654376745224,0.06223294883966446
5,1600,0,0.15202446281909943,0.23199938237667084,0.23166470229625702,0.09199318289756775,0.15198606252670288,0.23202046751976013,0.23168522119522095,0.09194312989711761
6,1600,0,0.18884259462356567,0.2864692807197571,0.28642743825912476,0.1164407730102539,0.1886359006166458,0.2863176763057709,0.28626883029937744,0.11629161238670349
7,1600,0,0.10881931334733963,0.1678195744752884,0.16771546006202698,0.06782416254281998,0.10856251418590546,0.16746985912322998,0.1673661172389984,0.06759972870349884
8,1600,0,0.13427108526229858,0.21384254097938538,0.21382658183574677,0.08209948241710663,0.13420189917087555,0.21378304064273834,0.21378415822982788,0.08200445026159286
9,1600,0,0.16975542902946472,0.22221092879772186,0.22208905220031738,0.06835369765758514,0.16964660584926605,0.22210736572742462,0.2219984531402588,0.06825519353151321
10,1600,0,0.09942170977592468,0.15920832753181458,0.15921536087989807,0.08477073162794113,0.09934373944997787,0.15914347767829895,0.15913908183574677,0.0846569836139679
11,1600,0,0.13701140880584717,0.18277789652347565,0.1826552152633667,0.06325545907020569,0.13844755291938782,0.18453006446361542,0.18441905081272125,0.06370386481285095
1,3200,0,0.2417047768831253,0.2824189066886902,0.28241461515426636,0.1487710177898407,0.24127495288848877,0.28191640973091125,0.28190135955810547,0.14836451411247253
2,3200,0,0.1354166567325592,0.21746937930583954,0.21759402751922607,0.11803945899009705,0.13515906035900116,0.2171320766210556,0.2172456979751587,0.11777026206254959
3,3200,0,0.16870687901973724,0.2432202398777008,0.24267801642417908,0.09355594217777252,0.1685095727443695,0.24295149743556976,0.24239304661750793,0.09329754114151001
4,3200,0,0.16917866468429565,0.24028083682060242,0.24035857617855072,0.08466188609600067,0.16920484602451324,0.24030081927776337,0.24038280546665192,0.08455603569746017
5,3200,0,0.16407716274261475,0.2495078295469284,0.24920326471328735,0.10023409873247147,0.164048969745636,0.24949827790260315,0.2491832822561264,0.1001584529876709
6,3200,0,0.1449112594127655,0.21617211401462555,0.21616746485233307,0.08455383032560349,0.14497308433055878,0.2162487953901291,0.2162417322397232,0.08452524244785309
7,3200,0,0.13470476865768433,0.21134407818317413,0.2112717628479004,0.0864308625459671,0.13456907868385315,0.21120086312294006,0.21112288534641266,0.08628512173891068
8,3200,0,0.19497086107730865,0.3114849328994751,0.3114391267299652,0.11872909218072891,0.19491295516490936,0.3115214705467224,0.31148427724838257,0.11865945160388947
9,3200,0,0.1647069901227951,0.21461743116378784,0.2145632654428482,0.0655503198504448,0.16460783779621124,0.2145497351884842,0.21446949243545532,0.0654289647936821
10,3200,0,0.128298819065094,0.20572899281978607,0.2057851105928421,0.11022884398698807,0.12811279296875,0.20552672445774078,0.20556555688381195,0.11003556847572327
11,3200,0,0.14263184368610382,0.1882253736257553,0.18813584744930267,0.06382353603839874,0.1419086754322052,0.1872892826795578,0.18720127642154694,0.06342148035764694
1,6400,0,0.38922783732414246,0.4428139925003052,0.4429531693458557,0.260052889585495,0.3888893127441406,0.4423891305923462,0.4425106346607208,0.2595967948436737
2,6400,0,0.24599871039390564,0.3466293215751648,0.3466460704803467,0.1835613250732422,0.24552851915359497,0.34612929821014404,0.3461664319038391,0.18326067924499512
3,6400,0,0.15488581359386444,0.2229289710521698,0.2223997563123703,0.08380478620529175,0.15469059348106384,0.22265546023845673,0.22217613458633423,0.08357345312833786
4,6400,0,0.2014528512954712,0.284510999917984,0.2845894396305084,0.09902976453304291,0.2014697939157486,0.28462162613868713,0.2846684455871582,0.09893346577882767
5,6400,0,0.14215965569019318,0.2187625765800476,0.2185034155845642,0.08678962290287018,0.14194928109645844,0.21855783462524414,0.21829311549663544,0.08657414466142654
6,6400,0,0.10247740894556046,0.15663538873195648,0.15659071505069733,0.05919307842850685,0.10229983925819397,0.15645292401313782,0.15641039609909058,0.05904292315244675
7,6400,0,0.1430092453956604,0.22652439773082733,0.22649791836738586,0.0920393243432045,0.1428859531879425,0.22640424966812134,0.22636732459068298,0.09188888967037201
8,6400,0,0.17726004123687744,0.28399011492729187,0.2840498089790344,0.10798916965723038,0.17638295888900757,0.2829553186893463,0.2829951047897339,0.10747171193361282
9,6400,0,0.13120858371257782,0.17243708670139313,0.17239277064800262,0.05289897322654724,0.1311236023902893,0.17238587141036987,0.17237290740013123,0.05279819294810295
10,6400,0,0.17352795600891113,0.29542383551597595,0.2957322895526886,0.1612195074558258,0.17346727848052979,0.2953977882862091,0.2956883907318115,0.16114509105682373
11,6400,0,0.16631990671157837,0.22312405705451965,0.22312550246715546,0.07690413296222687,0.16751526296138763,0.2243940830230713,0.22437021136283875,0.07716571539640427
1,12800,0,0.2460477352142334,0.2956787347793579,0.29573169350624084,0.16367293894290924,0.2459041029214859,0.295549601316452,0.2955825626850128,0.16349466145038605
2,12800,0,0.25956958532333374,0.35862550139427185,0.35862526297569275,0.19254601001739502,0.25892502069473267,0.3579890727996826,0.35803285241127014,0.19205434620380402
3,12800,0,0.14419956505298615,0.20582105219364166,0.20569387078285217,0.07523828744888306,0.1439632624387741,0.20562858879566193,0.20550352334976196,0.07492588460445404
4,12800,0,0.21774043142795563,0.30179479718208313,0.3019232451915741,0.106359101831913,0.21713730692863464,0.3011585772037506,0.3013060688972473,0.10594989359378815
5,12800,0,0.21292364597320557,0.3176388740539551,0.31725379824638367,0.12782703340053558,0.2125319391489029,0.31714126467704773,0.31677407026290894,0.12754926085472107
6,12800,0,0.11827567219734192,0.180580735206604,0.1805301457643509,0.06888817995786667,0.11784346401691437,0.18017542362213135,0.18013492226600647,0.06844939291477203
7,12800,0,0.20669865608215332,0.30854326486587524,0.3084891140460968,0.12419287860393524,0.2063586413860321,0.3081373870372772,0.3080882430076599,0.12391591817140579
8,12800,0,0.28323784470558167,0.4295736849308014,0.4297706186771393,0.17470782995224,0.2831681966781616,0.4295097887516022,0.42969730496406555,0.17462323606014252
9,12800,0,0.2569442689418793,0.3388630449771881,0.3387981653213501,0.10397109389305115,0.2570315897464752,0.339002400636673,0.3389759361743927,0.10389368236064911
10,12800,0,0.20471905171871185,0.34079670906066895,0.34109532833099365,0.1805613785982132,0.20471571385860443,0.340926855802536,0.3412212133407593,0.18054722249507904
11,12800,0,0.12780793011188507,0.17124907672405243,0.1712123453617096,0.05813184753060341,0.1278885304927826,0.17116914689540863,0.17112480103969574,0.05793379992246628
1,25600,0,0.2228996902704239,0.279799222946167,0.2798309922218323,0.1594865918159485,0.222213476896286,0.2792244851589203,0.27921628952026367,0.1588740199804306
2,25600,0,0.34058624505996704,0.48560547828674316,0.4858435392379761,0.28245043754577637,0.34039321541786194,0.48562854528427124,0.4858090281486511,0.28243064880371094
3,25600,0,0.18812857568264008,0.2922744154930115,0.2921178936958313,0.10856769233942032,0.18798516690731049,0.29210206866264343,0.29191482067108154,0.10803690552711487
4,25600,0,0.11031313985586166,0.15799161791801453,0.15798814594745636,0.05401045083999634,0.10970337688922882,0.15753525495529175,0.15751445293426514,0.05301335081458092
5,25600,0,0.23863573372364044,0.35061776638031006,0.3501909673213959,0.1582636833190918,0.23780938982963562,0.34977155923843384,0.3494303226470947,0.15773017704486847
6,25600,0,0.08905694633722305,0.13810966908931732,0.13798387348651886,0.0534982867538929,0.08751437067985535,0.13678590953350067,0.1366811841726303,0.05221380293369293
7,25600,0,0.10958927869796753,0.1691998541355133,0.169218972325325,0.06531994044780731,0.10906309634447098,0.16897951066493988,0.1689576655626297,0.06465425342321396
8,25600,0,0.1430777609348297,0.23007798194885254,0.23030392825603485,0.08699013292789459,0.14285650849342346,0.2301444411277771,0.23029977083206177,0.08656426519155502
9,25600,0,0.13819710910320282,0.1822572946548462,0.18228311836719513,0.055938247591257095,0.1378241330385208,0.18204249441623688,0.18199869990348816,0.05521220341324806
10,25600,0,0.2637849450111389,0.3904491066932678,0.3908054530620575,0.17723336815834045,0.26125627756118774,0.38730326294898987,0.3876411020755768,0.17584025859832764
11,25600,0,0.12906906008720398,0.1698230355978012,0.16985712945461273,0.05618217960000038,0.12812897562980652,0.1688942313194275,0.1688252091407776,0.055434439331293106
1,1600,1,0.21070754528045654,0.23430055379867554,0.23421251773834229,0.11802756786346436,0.21150048077106476,0.23507700860500336,0.23500080406665802,0.11840463429689407
2,1600,1,0.11881642788648605,0.18579907715320587,0.18581706285476685,0.0990014597773552,0.11827968060970306,0.18511326611042023,0.18515251576900482,0.09861954301595688
3,1600,1,0.11880575120449066,0.17127323150634766,0.17083115875720978,0.06555124372243881,0.11887633800506592,0.17152686417102814,0.17106057703495026,0.0656219944357872
4,1600,1,0.12855102121829987,0.1807190328836441,0.18078066408634186,0.062343232333660126,0.12841300666332245,0.18060363829135895,0.1806544065475464,0.06223294883966446
5,1600,1,0.1520245522260666,0.23198845982551575,0.23165181279182434,0.09199044853448868,0.1519860327243805,0.23202046751976013,0.23168522119522095,0.09194312989711761
6,1600,1,0.1888165920972824,0.28646576404571533,0.2864062488079071,0.1164330244064331,0.1886359006166458,0.2863176763057709,0.28626883029937744,0.11629161238670349
7,1600,1,0.10881432890892029,0.16780759394168854,0.16770502924919128,0.06782125681638718,0.10856250673532486,0.1674698442220688,0.1673661172389984,0.06759972870349884
8,1600,1,0.13426713645458221,0.2138354480266571,0.21383312344551086,0.08211673051118851,0.13420189917087555,0.21378304064273834,0.21378415822982788,0.08200445026159286
9,1600,1,0.1697503626346588,0.22220033407211304,0.22208715975284576,0.06834817677736282,0.16964660584926605,0.22210736572742462,0.2219984382390976,0.06825519353151321
10,1600,1,0.09942904114723206,0.15920652449131012,0.15920718014240265,0.08476102352142334,0.09934374690055847,0.15914347767829895,0.15913908183574677,0.0846569687128067
11,1600,1,0.13701403141021729,0.18278025090694427,0.18265411257743835,0.06324765086174011,0.13844755291938782,0.1845300793647766,0.18441905081272125,0.06370386481285095
1,3200,1,0.24168165028095245,0.2824041545391083,0.2823992371559143,0.1487596035003662,0.24127493798732758,0.28191640973091125,0.28190135955810547,0.14836451411247253
2,3200,1,0.13542065024375916,0.21748533844947815,0.21758303046226501,0.11802361160516739,0.13515906035900116,0.2171320766210556,0.2172456830739975,0.11777026951313019
3,3200,1,0.1687413603067398,0.24328011274337769,0.2427188754081726,0.09356316924095154,0.1685096025466919,0.24295149743556976,0.24239303171634674,0.09329754114151001
4,3200,1,0.1691516935825348,0.24024328589439392,0.24031846225261688,0.0846441462635994,0.16920484602451324,0.24030081927776337,0.24038280546665192,0.08455603569746017
5,3200,1,0.16406646370887756,0.24949057400226593,0.24915333092212677,0.100204698741436,0.164048969745636,0.24949826300144196,0.2491832971572876,0.1001584455370903
6,3200,1,0.14491267502307892,0.2161673903465271,0.2161400020122528,0.08454859256744385,0.14497308433055878,0.2162487953901291,0.2162417322397232,0.08452524244785309
7,3200,1,0.1346997618675232,0.21134112775325775,0.2112739384174347,0.08642911911010742,0.13456907868385315,0.21120086312294006,0.21112288534641266,0.08628512173891068
8,3200,1,0.19495902955532074,0.31152984499931335,0.311483234167099,0.11873673647642136,0.19491295516490936,0.3115214705467224,0.31148427724838257,0.11865945905447006
9,3200,1,0.1647317260503769,0.21465936303138733,0.21458840370178223,0.06557302922010422,0.16460783779621124,0.2145497351884842,0.21446949243545532,0.0654289647936821
10,3200,1,0.1282830536365509,0.2057456076145172,0.20579646527767181,0.11021160334348679,0.12811279296875,0.2055266946554184,0.20556554198265076,0.11003557592630386
11,3200,1,0.14265136420726776,0.18820920586585999,0.18814750015735626,0.06381316483020782,0.1419086754322052,0.1872892826795578,0.18720126152038574,0.06342148035764694
1,6400,1,0.38922587037086487,0.44284117221832275,0.4429691731929779,0.26006489992141724,0.3888893127441406,0.4423891603946686,0.4425106644630432,0.2595967948436737
2,6400,1,0.24597924947738647,0.34656164050102234,0.3466673195362091,0.18355438113212585,0.24552851915359497,0.34612929821014404,0.3461664021015167,0.18326067924499512
3,6400,1,0.15491613745689392,0.22292771935462952,0.22245752811431885,0.08379362523555756,0.15469059348106384,0.22265547513961792,0.22217613458633423,0.08357344567775726
4,6400,1,0.20145609974861145,0.28457245230674744,0.284606009721756,0.09906692802906036,0.2014697939157486,0.28462162613868713,0.2846684455871582,0.09893345087766647
5,6400,1,0.1421622782945633,0.21877917647361755,0.21850258111953735,0.08677734434604645,0.14194928109645844,0.21855781972408295,0.21829311549663544,0.08657414466142654
6,6400,1,0.1024865061044693,0.15664711594581604,0.15659748017787933,0.05920114740729332,0.10229983925819397,0.156452938914299,0.15641039609909058,0.05904291570186615
7,6400,1,0.1429969221353531,0.22652891278266907,0.2264993041753769,0.09204713255167007,0.1428859531879425,0.22640423476696014,0.22636732459068298,0.09188888967037201
8,6400,1,0.17724893987178802,0.283932626247406,0.28403446078300476,0.10800830274820328,0.17638295888900757,0.2829553186893463,0.2829951345920563,0.10747170448303223
9,6400,1,0.13119234144687653,0.17243817448616028,0.1724126785993576,0.05288712680339813,0.1311236023902893,0.17238587141036987,0.17237289249897003,0.05279819667339325
10,6400,1,0.1735263168811798,0.2954224944114685,0.29573220014572144,0.16122126579284668,0.17346729338169098,0.2953977882862091,0.2956884205341339,0.16114509105682373
11,6400,1,0.16632243990898132,0.22311462461948395,0.22308838367462158,0.07689976692199707,0.16751527786254883,0.2243940830230713,0.22437022626399994,0.07716571539640427
1,12800,1,0.24605365097522736,0.29568010568618774,0.29577934741973877,0.16373467445373535,0.2459040880203247,0.29554957151412964,0.2955825626850128,0.16349466145038605
2,12800,1,0.2595420777797699,0.35862627625465393,0.35863491892814636,0.19260874390602112,0.25892502069473267,0.3579890727996826,0.35803285241127014,0.19205434620380402
3,12800,1,0.14417260885238647,0.2058544158935547,0.2057185173034668,0.07523403316736221,0.1439632624387741,0.20562858879566193,0.20550352334976196,0.07492588460445404
4,12800,1,0.21770378947257996,0.3017675280570984,0.3019682765007019,0.10636312514543533,0.21713732182979584,0.3011585772037506,0.3013060688972473,0.10594989359378815
5,12800,1,0.21295508742332458,0.31768372654914856,0.31727415323257446,0.12787778675556183,0.2125319093465805,0.31714126467704773,0.31677407026290894,0.12754926085472107
6,12800,1,0.11828408390283585,0.18061499297618866,0.1805519312620163,0.06888499855995178,0.11784344911575317,0.18017542362213135,0.18013495206832886,0.06844939291477203
7,12800,1,0.20672309398651123,0.30854126811027527,0.3084920644760132,0.12417721748352051,0.2063586264848709,0.308137446641922,0.3080882728099823,0.12391591817140579
8,12800,1,0.2831834852695465,0.4295840263366699,0.4297439157962799,0.1746188998222351,0.2831681966781616,0.4295097589492798,0.42969730496406555,0.17462323606014252
9,12800,1,0.2569671869277954,0.33894771337509155,0.3389345705509186,0.10400361567735672,0.2570316195487976,0.339002400636673,0.3389759659767151,0.10389368236064911
10,12800,1,0.20466744899749756,0.34080448746681213,0.3410663306713104,0.18055394291877747,0.20471572875976562,0.3409268856048584,0.34122124314308167,0.18054722249507904
11,12800,1,0.12779051065444946,0.1712624579668045,0.17121627926826477,0.05812885984778404,0.1278885006904602,0.17116917669773102,0.17112480103969574,0.05793379619717598
1,25600,1,0.22291401028633118,0.2798430025577545,0.2798663079738617,0.15953072905540466,0.2222134917974472,0.2792244851589203,0.27921628952026367,0.158874049782753
2,25600,1,0.3405068516731262,0.4856458008289337,0.4857340455055237,0.2824634313583374,0.3403932452201843,0.48562857508659363,0.48580896854400635,0.2824306786060333
3,25600,1,0.18814970552921295,0.29226747155189514,0.2920212149620056,0.1085609644651413,0.1879851520061493,0.29210206866264343,0.29191482067108154,0.10803690552711487
4,25600,1,0.11031682044267654,0.15802007913589478,0.15799693763256073,0.053989481180906296,0.10970337688922882,0.15753526985645294,0.15751445293426514,0.05301334708929062
5,25600,1,0.23863385617733002,0.3506160378456116,0.3502475321292877,0.15830862522125244,0.23780940473079681,0.34977155923843384,0.3494303226470947,0.15773017704486847
6,25600,1,0.0890602171421051,0.13818112015724182,0.13806799054145813,0.05352453514933586,0.08751436322927475,0.13678590953350067,0.1366811841726303,0.052213799208402634
7,25600,1,0.10960163921117783,0.16923373937606812,0.16920016705989838,0.06532101333141327,0.10906310379505157,0.16897954046726227,0.1689576655626297,0.06465425342321396
8,25600,1,0.14305748045444489,0.23008741438388824,0.23018395900726318,0.08699887990951538,0.14285650849342346,0.23014439642429352,0.23029977083206177,0.08656425774097443
9,25600,1,0.13814996182918549,0.18226100504398346,0.1822173297405243,0.0559200793504715,0.137824147939682,0.18204249441623688,0.18199869990348816,0.05521220341324806
10,25600,1,0.2637781798839569,0.39043575525283813,0.3908175826072693,0.17726290225982666,0.26125630736351013,0.3873032331466675,0.3876410722732544,0.17584025859832764
11,25600,1,0.12907211482524872,0.1698978990316391,0.16984495520591736,0.056209586560726166,0.12812896072864532,0.16889424622058868,0.1688251942396164,0.055434439331293106
1,1600,2,0.2106868028640747,0.23426084220409393,0.2342107892036438,0.11801314353942871,0.21150048077106476,0.23507702350616455,0.23500078916549683,0.11840463429689407
2,1600,2,0.11880829930305481,0.18579021096229553,0.18582065403461456,0.0990074872970581,0.11827968060970306,0.18511328101158142,0.1851525455713272,0.09861955046653748
3,1600,2,0.11879311501979828,0.17127008736133575,0.17082086205482483,0.06554713845252991,0.11887633800506592,0.17152686417102814,0.17106059193611145,0.0656219944357872
4,1600,2,0.12853781878948212,0.18072913587093353,0.1807713806629181,0.06234541907906532,0.12841302156448364,0.18060363829135895,0.1806544065475464,0.06223294883966446
5,1600,2,0.15201519429683685,0.23198473453521729,0.23164069652557373,0.09198153764009476,0.1519860327243805,0.23202046751976013,0.23168520629405975,0.09194313734769821
6,1600,2,0.18877388536930084,0.286422997713089,0.2863830626010895,0.11641458421945572,0.1886359006166458,0.2863176763057709,0.28626883029937744,0.11629161238670349
7,1600,2,0.10883018374443054,0.16783656179904938,0.16772927343845367,0.06783141195774078,0.10856250673532486,0.16746985912322998,0.1673661470413208,0.06759972870349884
8,1600,2,0.13426296412944794,0.213809534907341,0.21379689872264862,0.08208561688661575,0.13420189917087555,0.21378304064273834,0.21378415822982788,0.08200445026159286
9,1600,2,0.16974826157093048,0.2221926897764206,0.2220844328403473,0.06834898144006729,0.16964657604694366,0.22210738062858582,0.2219984382390976,0.06825519353151321
10,1600,2,0.09942634403705597,0.159211203455925,0.15919578075408936,0.08475310355424881,0.09934374690055847,0.15914347767829895,0.15913908183574677,0.0846569836139679
11,1600,2,0.13701075315475464,0.18276309967041016,0.1826612651348114,0.06324782222509384,0.13844755291938782,0.1845300793647766,0.18441905081272125,0.06370386481285095
1,3200,2,0.2416972666978836,0.2823967933654785,0.2824193239212036,0.14874909818172455,0.24127492308616638,0.28191640973091125,0.28190135955810547,0.14836451411247253
2,3200,2,0.1353990137577057,0.21746844053268433,0.2175649255514145,0.11803139746189117,0.13515907526016235,0.2171320766210556,0.2172456979751587,0.11777026206254959
3,3200,2,0.16870316863059998,0.24320274591445923,0.24265225231647491,0.09353591501712799,0.1685096025466919,0.24295149743556976,0.24239304661750793,0.0932975485920906
4,3200,2,0.16914547979831696,0.24025821685791016,0.2403285801410675,0.0846606120467186,0.16920484602451324,0.24030081927776337,0.24038280546665192,0.08455603569746017
5,3200,2,0.16407664120197296,0.249516561627388,0.24917365610599518,0.1002092957496643,0.164048969745636,0.24949827790260315,0.2491832822561264,0.1001584455370903
6,3200,2,0.14491552114486694,0.21615344285964966,0.21617314219474792,0.08455902338027954,0.14497308433055878,0.21624882519245148,0.2162417322397232,0.08452524244785309
7,3200,2,0.13471542298793793,0.21135997772216797,0.211263969540596,0.08644616603851318,0.13456909358501434,0.21120086312294006,0.21112287044525146,0.08628510683774948
8,3200,2,0.19496919214725494,0.31148141622543335,0.3114556670188904,0.11872142553329468,0.19491295516490936,0.3115214705467224,0.31148427724838257,0.11865943670272827
9,3200,2,0.1647440791130066,0.2146281599998474,0.21457155048847198,0.06557606160640717,0.16460785269737244,0.21454975008964539,0.21446949243545532,0.0654289647936821
10,3200,2,0.12829574942588806,0.20576559007167816,0.20581606030464172,0.1102055013179779,0.12811279296875,0.2055267095565796,0.20556555688381195,0.11003557592630386
11,3200,2,0.14263714849948883,0.18820293247699738,0.18811041116714478,0.0638236328959465,0.1419086754322052,0.1872893124818802,0.18720124661922455,0.06342147290706635
1,6400,2,0.3892515003681183,0.44283321499824524,0.44298118352890015,0.26006773114204407,0.3888893127441406,0.4423891305923462,0.44251060485839844,0.2595967948436737
2,6400,2,0.24599073827266693,0.34660279750823975,0.34664392471313477,0.1835816204547882,0.24552851915359497,0.34612929821014404,0.3461664021015167,0.18326067924499512
3,6400,2,0.15489886701107025,0.22293853759765625,0.22242619097232819,0.08381200581789017,0.15469059348106384,0.22265547513961792,0.22217613458633423,0.08357345312833786
4,6400,2,0.2014717310667038,0.2845757007598877,0.28462326526641846,0.09905242174863815,0.2014698088169098,0.28462162613868713,0.2846684455871582,0.09893345087766647
5,6400,2,0.14216186106204987,0.21875207126140594,0.21849282085895538,0.08676940202713013,0.14194928109645844,0.21855781972408295,0.21829310059547424,0.08657413721084595
6,6400,2,0.10249006003141403,0.15663205087184906,0.156612366437912,0.05920344963669777,0.10229983925819397,0.15645292401313782,0.15641039609909058,0.05904292315244675
7,6400,2,0.14301125705242157,0.22653162479400635,0.22648239135742188,0.09205222874879837,0.1428859531879425,0.22640424966812134,0.22636732459068298,0.09188888221979141
8,6400,2,0.1772402673959732,0.28399163484573364,0.2840101718902588,0.10798443853855133,0.17638295888900757,0.2829553186893463,0.2829951345920563,0.10747170448303223
9,6400,2,0.13118408620357513,0.1724311113357544,0.17243003845214844,0.05290301889181137,0.1311236023902893,0.17238587141036987,0.17237290740013123,0.05279819667339325
10,6400,2,0.17352351546287537,0.2954792082309723,0.29573333263397217,0.16124442219734192,0.17346729338169098,0.2953978180885315,0.2956883907318115,0.16114509105682373
11,6400,2,0.16628201305866241,0.22308553755283356,0.22308360040187836,0.07688334584236145,0.16751526296138763,0.2243940681219101,0.22437021136283875,0.07716571539640427
1,12800,2,0.2460319995880127,0.29571300745010376,0.29571449756622314,0.16370217502117157,0.2459040880203247,0.295549601316452,0.2955825626850128,0.16349467635154724
2,12800,2,0.25956180691719055,0.35858121514320374,0.3586624264717102,0.1925705075263977,0.25892502069473267,0.357989102602005,0.35803288221359253,0.1920543611049652
3,12800,2,0.14420989155769348,0.20584627985954285,0.2057204395532608,0.07523568719625473,0.1439632624387741,0.20562858879566193,0.20550352334976196,0.07492588460445404
4,12800,2,0.21771548688411713,0.3018636405467987,0.3019709289073944,0.1063704565167427,0.21713732182979584,0.3011585772037506,0.3013060688972473,0.10594990104436874
5,12800,2,0.21295380592346191,0.3176864981651306,0.3173381984233856,0.1278834491968155,0.2125319093465805,0.31714123487472534,0.31677407026290894,0.12754926085472107
6,12800,2,0.11828625202178955,0.18056724965572357,0.18052075803279877,0.06889113783836365,0.11784345656633377,0.18017542362213135,0.18013492226600647,0.06844939291477203
7,12800,2,0.20673246681690216,0.3085564076900482,0.308500200510025,0.1241825520992279,0.2063586264848709,0.3081373870372772,0.3080882430076599,0.12391591817140579
8,12800,2,0.28319165110588074,0.4295544922351837,0.4297243356704712,0.17469379305839539,0.28316816687583923,0.4295097589492798,0.42969730496406555,0.17462323606014252
9,12800,2,0.25699901580810547,0.3389299511909485,0.338918000459671,0.1039932519197464,0.2570315897464752,0.33900243043899536,0.3389759361743927,0.10389368236064911
10,12800,2,0.2047044336795807,0.3408169150352478,0.34111565351486206,0.1805068850517273,0.20471572875976562,0.3409268856048584,0.34122124314308167,0.18054722249507904
11,12800,2,0.12777774035930634,0.17124907672405243,0.17120079696178436,0.058158356696367264,0.1278885304927826,0.17116914689540863,0.17112480103969574,0.05793379619717598
1,25600,2,0.22290867567062378,0.2798600196838379,0.27984610199928284,0.15951797366142273,0.2222135066986084,0.2792245149612427,0.27921628952026367,0.1588740199804306
2,25600,2,0.34051433205604553,0.4856983423233032,0.4858822822570801,0.2824534475803375,0.34039321541786194,0.48562857508659363,0.4858090281486511,0.28243064880371094
3,25600,2,0.1881491094827652,0.2923153042793274,0.29208874702453613,0.10854637622833252,0.1879851222038269,0.29210206866264343,0.29191482067108154,0.10803690552711487
4,25600,2,0.11033159494400024,0.15803202986717224,0.15801554918289185,0.054026711732149124,0.10970337688922882,0.15753526985645294,0.15751445293426514,0.05301334708929062
5,25600,2,0.23865501582622528,0.3505438566207886,0.35025057196617126,0.15826860070228577,0.23780936002731323,0.34977155923843384,0.3494303226470947,0.15773017704486847
6,25600,2,0.08904644101858139,0.13814744353294373,0.13798867166042328,0.053493186831474304,0.08751437067985535,0.13678590953350067,0.1366811841726303,0.052213799208402634
7,25600,2,0.10962973535060883,0.16923896968364716,0.16921353340148926,0.06532379984855652,0.10906310379505157,0.16897951066493988,0.1689576655626297,0.06465425342321396
8,25600,2,0.14304348826408386,0.23007632791996002,0.23025555908679962,0.0869976356625557,0.14285650849342346,0.2301444113254547,0.23029977083206177,0.08656425774097443
9,25600,2,0.13813987374305725,0.18223720788955688,0.18226121366024017,0.055898286402225494,0.137824147939682,0.18204250931739807,0.18199869990348816,0.05521220341324806
10,25600,2,0.2638189494609833,0.3904333710670471,0.3908322751522064,0.17722538113594055,0.26125630736351013,0.38730326294898987,0.3876410722732544,0.17584025859832764
11,25600,2,0.12907837331295013,0.1698930412530899,0.1698300689458847,0.05614973604679108,0.12812896072864532,0.1688942313194275,0.1688252091407776,0.055434439331293106
1,1600,3,0.2106647789478302,0.23427213728427887,0.23418888449668884,0.11801785230636597,0.21150046586990356,0.23507702350616455,0.23500080406665802,0.11840463429689407
2,1600,3,0.11879948526620865,0.18577560782432556,0.18581520020961761,0.0989946722984314,0.11827968060970306,0.18511326611042023,0.18515251576900482,0.09861955046653748
3,1600,3,0.11879755556583405,0.1712854504585266,0.17082832753658295,0.06554459780454636,0.11887633055448532,0.17152684926986694,0.17106057703495026,0.0656220018863678
4,1600,3,0.12854675948619843,0.1807253658771515,0.18077495694160461,0.06234714388847351,0.12841300666332245,0.18060363829135895,0.1806544065475464,0.06223294883966446
5,1600,3,0.15199701488018036,0.23194409906864166,0.23161731660366058,0.09197662025690079,0.1519860327243805,0.23202048242092133,0.23168522119522095,0.09194313734769821
6,1600,3,0.188767671585083,0.28639575839042664,0.2863473892211914,0.11640118062496185,0.1886359006166458,0.2863176763057709,0.28626883029937744,0.11629161238670349
7,1600,3,0.1088298112154007,0.16781674325466156,0.16772636771202087,0.06783059984445572,0.10856251418590546,0.16746985912322998,0.1673661172389984,0.06759972870349884
8,1600,3,0.13427616655826569,0.21384042501449585,0.21383604407310486,0.0821133702993393,0.13420191407203674,0.21378304064273834,0.21378415822982788,0.08200445026159286
9,1600,3,0.16975505650043488,0.2221805304288864,0.22207722067832947,0.06834656000137329,0.16964659094810486,0.22210733592510223,0.2219984531402588,0.06825519353151321
10,1600,3,0.09942103922367096,0.15921424329280853,0.1591930240392685,0.08477416634559631,0.09934374690055847,0.15914347767829895,0.15913908183574677,0.0846569836139679
11,1600,3,0.13700585067272186,0.1827792227268219,0.1826595962047577,0.06324765831232071,0.13844755291938782,0.18453006446361542,0.18441905081272125,0.06370386481285095
1,3200,3,0.24170151352882385,0.2824063301086426,0.28238388895988464,0.1487538367509842,0.24127493798732758,0.28191640973091125,0.28190138936042786,0.14836451411247253
2,3200,3,0.13542909920215607,0.21746313571929932,0.21759067475795746,0.11801686137914658,0.13515906035900116,0.2171320766210556,0.2172456979751587,0.11777026206254959
3,3200,3,0.16869471967220306,0.2431626319885254,0.2426009476184845,0.09350753575563431,0.1685095727443695,0.24295151233673096,0.24239304661750793,0.09329754114151001
4,3200,3,0.16917943954467773,0.24027657508850098,0.240342915058136,0.08466892689466476,0.16920484602451324,0.24030083417892456,0.24038280546665192,0.08455603569746017
5,3200,3,0.164094477891922,0.2494993358850479,0.24917840957641602,0.10022146254777908,0.164048969745636,0.24949827790260315,0.2491832822561264,0.1001584455370903
6,3200,3,0.14492516219615936,0.2161789983510971,0.2161584049463272,0.08456164598464966,0.14497308433055878,0.2162487953901291,0.216241717338562,0.08452524989843369
7,3200,3,0.13471843302249908,0.21134983003139496,0.21126949787139893,0.0864463821053505,0.13456907868385315,0.21120087802410126,0.21112287044525146,0.08628512173891068
8,3200,3,0.19495566189289093,0.3115081191062927,0.3114524781703949,0.11873792856931686,0.19491295516490936,0.3115214705467224,0.31148427724838257,0.11865945160388947
9,3200,3,0.16473886370658875,0.21463894844055176,0.21457742154598236,0.06556211411952972,0.16460783779621124,0.2145497351884842,0.21446949243545532,0.0654289647936821
10,3200,3,0.1283014416694641,0.205760657787323,0.2057948261499405,0.11021672934293747,0.12811279296875,0.20552672445774078,0.20556554198265076,0.11003556847572327
11,3200,3,0.14262773096561432,0.1882132887840271,0.18810324370861053,0.06381459534168243,0.1419086754322052,0.1872892826795578,0.18720124661922455,0.06342148035764694
1,6400,3,0.38926318287849426,0.4428718090057373,0.4430209696292877,0.2600836455821991,0.3888893127441406,0.4423891305923462,0.4425106346607208,0.2595967948436737
2,6400,3,0.24598121643066406,0.3466050326824188,0.346590518951416,0.1835532933473587,0.24552851915359497,0.34612929821014404,0.3461664319038391,0.18326067924499512
3,6400,3,0.15486210584640503,0.22289317846298218,0.2224103808403015,0.08378750085830688,0.15469059348106384,0.22265546023845673,0.22217613458633423,0.08357345312833786
4,6400,3,0.20147894322872162,0.28460386395454407,0.2846432626247406,0.09905092418193817,0.2014698088169098,0.28462162613868713,0.2846684455871582,0.09893346577882767
5,6400,3,0.14215326309204102,0.218767911195755,0.21851886808872223,0.08677338808774948,0.14194928109645844,0.21855781972408295,0.21829310059547424,0.08657413721084595
6,6400,3,0.10249488800764084,0.15666913986206055,0.15660600364208221,0.05919001251459122,0.10229983180761337,0.15645292401313782,0.15641039609909058,0.05904292315244675
7,6400,3,0.1429906189441681,0.2265504151582718,0.2264854460954666,0.09203503280878067,0.1428859531879425,0.22640424966812134,0.2263673096895218,0.09188888967037201
8,6400,3,0.17725437879562378,0.28400886058807373,0.2840198576450348,0.10797998309135437,0.17638295888900757,0.2829552888870239,0.2829951047897339,0.10747171193361282
9,6400,3,0.13120442628860474,0.1724490374326706,0.17243659496307373,0.052927639335393906,0.1311236023902893,0.17238585650920868,0.17237290740013123,0.05279819294810295
10,6400,3,0.17352959513664246,0.29543787240982056,0.2957572042942047,0.16123391687870026,0.17346727848052979,0.2953977882862091,0.2956884205341339,0.16114509105682373
11,6400,3,0.16630063951015472,0.22309313714504242,0.2230740636587143,0.07689905166625977,0.16751526296138763,0.2243940830230713,0.22437021136283875,0.07716571539640427
1,12800,3,0.24607466161251068,0.2957000136375427,0.29579275846481323,0.16372156143188477,0.2459041029214859,0.29554957151412964,0.2955825626850128,0.16349467635154724
2,12800,3,0.2595486342906952,0.3586117923259735,0.3586804270744324,0.19259601831436157,0.25892502069473267,0.357989102602005,0.35803285241127014,0.19205434620380402
3,12800,3,0.14417637884616852,0.2058582454919815,0.20573176443576813,0.07523798942565918,0.1439632624387741,0.20562858879566193,0.20550352334976196,0.07492588460445404
4,12800,3,0.2177344560623169,0.30179673433303833,0.30195334553718567,0.10634858906269073,0.21713732182979584,0.3011585772037506,0.3013060688972473,0.10594990104436874
5,12800,3,0.21299076080322266,0.31773191690444946,0.3173236548900604,0.12786002457141876,0.2125319391489029,0.31714126467704773,0.31677404046058655,0.12754927575588226
6,12800,3,0.11826740205287933,0.18056361377239227,0.1805417239665985,0.0688667893409729,0.11784345656633377,0.18017542362213135,0.18013492226600647,0.06844940036535263
7,12800,3,0.20670761168003082,0.3085671365261078,0.3084935247898102,0.12417514622211456,0.2063586413860321,0.3081373870372772,0.3080882430076599,0.1239159107208252
8,12800,3,0.28313329815864563,0.4295588731765747,0.42974764108657837,0.17470191419124603,0.2831681966781616,0.4295097589492798,0.4296973645687103,0.1746232509613037
9,12800,3,0.2569650709629059,0.33896201848983765,0.3389158546924591,0.10403921455144882,0.2570316195487976,0.339002400636673,0.3389759659767151,0.10389368236064911
10,12800,3,0.20469026267528534,0.34075111150741577,0.34103959798812866,0.18051065504550934,0.20471574366092682,0.340926855802536,0.34122127294540405,0.18054722249507904
11,12800,3,0.12779346108436584,0.17127719521522522,0.17122289538383484,0.058144841343164444,0.1278885006904602,0.17116914689540863,0.17112480103969574,0.05793379619717598
1,25600,3,0.22294069826602936,0.2798573970794678,0.27985140681266785,0.1595378965139389,0.222213476896286,0.2792244851589203,0.27921628952026367,0.1588740199804306
2,25600,3,0.340448260307312,0.4856552481651306,0.48580995202064514,0.28249889612197876,0.34039321541786194,0.48562854528427124,0.4858090281486511,0.28243064880371094
3,25600,3,0.1881788820028305,0.29234910011291504,0.2920573055744171,0.1086282804608345,0.1879851520061493,0.29210206866264343,0.29191482067108154,0.10803691297769547
4,25600,3,0.11034712940454483,0.15800659358501434,0.15799029171466827,0.05399556830525398,0.10970337688922882,0.15753525495529175,0.15751445293426514,0.05301334708929062
5,25600,3,0.23856514692306519,0.3505169451236725,0.3501962423324585,0.1582566350698471,0.23780938982963562,0.34977155923843384,0.3494303226470947,0.15773016214370728
6,25600,3,0.08907674998044968,0.13813984394073486,0.13802357017993927,0.053499020636081696,0.08751437067985535,0.13678590953350067,0.1366811841726303,0.052213799208402634
7,25600,3,0.10961288213729858,0.16923710703849792,0.16922448575496674,0.06533816456794739,0.10906309634447098,0.16897951066493988,0.1689576804637909,0.06465425342321396
8,25600,3,0.1430681347846985,0.23012270033359528,0.23022966086864471,0.08698635548353195,0.14285650849342346,0.2301444113254547,0.23029977083206177,0.08656425774097443
9,25600,3,0.13812917470932007,0.18223315477371216,0.18227876722812653,0.0559128075838089,0.1378241330385208,0.18204250931739807,0.18199869990348816,0.055212199687957764
10,25600,3,0.2637661397457123,0.39044350385665894,0.3908206820487976,0.17727018892765045,0.26125627756118774,0.3873032331466675,0.3876410722732544,0.17584025859832764
11,25600,3,0.12905341386795044,0.1699066460132599,0.16981884837150574,0.05617286637425423,0.12812897562980652,0.1688942313194275,0.1688252091407776,0.055434439331293106
1,1600,4,0.2106570303440094,0.2342536747455597,0.2341803014278412,0.11800739914178848,0.21150046586990356,0.23507702350616455,0.23500080406665802,0.11840463429689407
2,1600,4,0.1187983825802803,0.18577677011489868,0.18581093847751617,0.09899226576089859,0.11827968060970306,0.18511326611042023,0.18515253067016602,0.09861955046653748
3,1600,4,0.11880691349506378,0.17127880454063416,0.17080983519554138,0.06555036455392838,0.11887633800506592,0.17152684926986694,0.17106057703495026,0.0656219944357872
4,1600,4,0.12853623926639557,0.18071666359901428,0.180776908993721,0.06233419105410576,0.12841300666332245,0.18060363829135895,0.1806544065475464,0.06223295256495476
5,1600,4,0.15200243890285492,0.23194848001003265,0.2316228449344635,0.09197820723056793,0.1519860327243805,0.23202048242092133,0.23168522119522095,0.09194312989711761
6,1600,4,0.1887514740228653,0.28637975454330444,0.2863355278968811,0.11639468371868134,0.1886359006166458,0.2863176763057709,0.28626883029937744,0.1162916049361229
7,1600,4,0.10881287604570389,0.16780216991901398,0.16770590841770172,0.06781298667192459,0.10856251418590546,0.16746985912322998,0.1673661172389984,0.06759972870349884
8,1600,4,0.1342730075120926,0.21384774148464203,0.21386078000068665,0.08211269974708557,0.13420189917087555,0.21378305554389954,0.21378415822982788,0.08200445026159286
9,1600,4,0.1697337031364441,0.2221851944923401,0.22208711504936218,0.06834816187620163,0.16964659094810486,0.22210733592510223,0.2219984531402588,0.06825519353151321
10,1600,4,0.09943291544914246,0.15922051668167114,0.15920275449752808,0.0847535952925682,0.09934373944997787,0.15914347767829895,0.15913908183574677,0.0846569836139679
11,1600,4,0.1370125263929367,0.18277454376220703,0.18266183137893677,0.0632464736700058,0.13844755291938782,0.18453006446361542,0.18441905081272125,0.06370386481285095
1,3200,4,0.2416820228099823,0.28241509199142456,0.28239575028419495,0.1487278789281845,0.24127493798732758,0.28191640973091125,0.28190138936042786,0.14836452901363373
2,3200,4,0.13541127741336823,0.21745315194129944,0.21758757531642914,0.11802087724208832,0.13515906035900116,0.2171320617198944,0.21724571287631989,0.11777026951313019
3,3200,4,0.1686730533838272,0.24316684901714325,0.24261359870433807,0.09353549778461456,0.1685096174478531,0.24295149743556976,0.24239304661750793,0.09329754114151001
4,3200,4,0.16917984187602997,0.2402762621641159,0.2403552532196045,0.0846608355641365,0.16920486092567444,0.24030081927776337,0.24038280546665192,0.08455603569746017
5,3200,4,0.16408061981201172,0.24952329695224762,0.2491884082555771,0.10022012889385223,0.164048969745636,0.24949826300144196,0.2491832822561264,0.1001584380865097
6,3200,4,0.14490653574466705,0.21614326536655426,0.21616171300411224,0.08454502373933792,0.14497308433055878,0.2162487953901291,0.2162417322397232,0.08452524244785309
7,3200,4,0.13472327589988708,0.21136942505836487,0.21129141747951508,0.08645564317703247,0.13456907868385315,0.21120086312294006,0.21112288534641266,0.08628512173891068
8,3200,4,0.19495637714862823,0.31150710582733154,0.3114648461341858,0.11873225122690201,0.19491295516490936,0.3115214705467224,0.31148427724838257,0.11865943670272827
9,3200,4,0.16473537683486938,0.21463245153427124,0.21454136073589325,0.06554624438285828,0.16460783779621124,0.214549720287323,0.21446946263313293,0.0654289647936821
10,3200,4,0.12829963862895966,0.20576238632202148,0.20580321550369263,0.11020366847515106,0.1281128078699112,0.2055266946554184,0.20556555688381195,0.11003557592630386
11,3200,4,0.14265191555023193,0.18820498883724213,0.18811838328838348,0.06381378322839737,0.1419086754322052,0.1872892826795578,0.18720124661922455,0.06342148035764694
1,6400,4,0.38927826285362244,0.4429011642932892,0.44305115938186646,0.26010167598724365,0.388889342546463,0.4423891603946686,0.4425106346607208,0.2595967948436737
2,6400,4,0.24595455825328827,0.34661146998405457,0.34663841128349304,0.18358516693115234,0.24552851915359497,0.34612929821014404,0.3461664319038391,0.18326067924499512
3,6400,4,0.15485621988773346,0.22282671928405762,0.222357377409935,0.08376730978488922,0.15469059348106384,0.22265547513961792,0.22217614948749542,0.08357345312833786
4,6400,4,0.2014615684747696,0.28457632660865784,0.2845855951309204,0.09906117618083954,0.2014698088169098,0.28462162613868713,0.2846684157848358,0.09893346577882767
5,6400,4,0.14215746521949768,0.21877191960811615,0.21851341426372528,0.08678668737411499,0.14194928109645844,0.21855783462524414,0.21829311549663544,0.08657414466142654
6,6400,4,0.10246562957763672,0.15661901235580444,0.15659759938716888,0.05918293446302414,0.10229983180761337,0.156452938914299,0.15641039609909058,0.05904292315244675
7,6400,4,0.14299525320529938,0.22649604082107544,0.22645635902881622,0.09202731400728226,0.1428859531879425,0.22640424966812134,0.2263673096895218,0.09188888967037201
8,6400,4,0.17725419998168945,0.2840113341808319,0.2840620279312134,0.1079837754368782,0.17638295888900757,0.2829552888870239,0.2829951345920563,0.10747171193361282
9,6400,4,0.13123126327991486,0.17247870564460754,0.1724437177181244,0.05291925370693207,0.1311236023902893,0.17238585650920868,0.17237290740013123,0.05279818922281265
10,6400,4,0.17355671525001526,0.29547014832496643,0.295751690864563,0.1612273007631302,0.17346729338169098,0.2953977882862091,0.2956884205341339,0.16114507615566254
11,6400,4,0.16630791127681732,0.22312995791435242,0.2230711728334427,0.07688996940851212,0.16751527786254883,0.2243940830230713,0.22437021136283875,0.07716571539640427
1,12800,4,0.2460394948720932,0.29571548104286194,0.2957080602645874,0.16366028785705566,0.2459040880203247,0.295549601316452,0.2955825626850128,0.16349466145038605
2,12800,4,0.2595585584640503,0.3586115837097168,0.35865557193756104,0.19256971776485443,0.25892502069473267,0.357989102602005,0.35803288221359253,0.1920543611049652
3,12800,4,0.1441541165113449,0.2058260440826416,0.2057470679283142,0.07521229982376099,0.1439632624387741,0.20562858879566193,0.20550353825092316,0.07492588460445404
4,12800,4,0.21772292256355286,0.3017932176589966,0.30191925168037415,0.10635221749544144,0.21713735163211823,0.3011585772037506,0.3013060688972473,0.10594989359378815
5,12800,4,0.21302713453769684,0.31775766611099243,0.31742167472839355,0.12791740894317627,0.2125319391489029,0.31714126467704773,0.31677407026290894,0.12754927575588226
6,12800,4,0.11829941719770432,0.18057826161384583,0.1805601418018341,0.06888238340616226,0.11784345656633377,0.18017542362213135,0.18013495206832886,0.06844939291477203
7,12800,4,0.20670142769813538,0.308519184589386,0.30847665667533875,0.12419211119413376,0.2063586264848709,0.308137446641922,0.3080882430076599,0.12391591817140579
8,12800,4,0.28321218490600586,0.42953190207481384,0.4297245740890503,0.17467071115970612,0.28316816687583923,0.4295097589492798,0.4296973645687103,0.17462323606014252
9,12800,4,0.2569222152233124,0.33885475993156433,0.33884337544441223,0.10397445410490036,0.2570315897464752,0.3390023708343506,0.3389759361743927,0.10389368236064911
10,12800,4,0.20468589663505554,0.3408054709434509,0.34109631180763245,0.18050578236579895,0.20471572875976562,0.3409268856048584,0.3412212133407593,0.18054722249507904
11,12800,4,0.12778909504413605,0.17126698791980743,0.1712145060300827,0.058146607130765915,0.1278885006904602,0.17116914689540863,0.17112480103969574,0.05793379619717598
1,25600,4,0.2229718118906021,0.27989766001701355,0.2799515724182129,0.15950916707515717,0.2222134917974472,0.2792244851589203,0.27921628952026367,0.1588740199804306
2,25600,4,0.340544730424881,0.4856179356575012,0.4858192503452301,0.28247031569480896,0.34039321541786194,0.48562857508659363,0.4858090281486511,0.28243064880371094
3,25600,4,0.188261017203331,0.2923438847064972,0.2921055257320404,0.10864539444446564,0.1879851520061493,0.29210206866264343,0.29191482067108154,0.10803690552711487
4,25600,4,0.11035261303186417,0.1580008566379547,0.1580171138048172,0.054014917463064194,0.10970339179039001,0.15753525495529175,0.15751445293426514,0.05301335081458092
5,25600,4,0.2385747730731964,0.35046616196632385,0.3501967191696167,0.1582152098417282,0.23780936002731323,0.34977155923843384,0.3494303226470947,0.15773017704486847
6,25600,4,0.0890880823135376,0.13811233639717102,0.13805316388607025,0.053532034158706665,0.08751437067985535,0.13678590953350067,0.1366811841726303,0.052213799208402634
7,25600,4,0.10961207002401352,0.16923552751541138,0.16921353340148926,0.06536411494016647,0.10906310379505157,0.16897951066493988,0.1689576804637909,0.06465425342321396
8,25600,4,0.14306077361106873,0.23005297780036926,0.23026524484157562,0.0869772881269455,0.14285649359226227,0.23014439642429352,0.23029978573322296,0.08656425774097443
9,25600,4,0.13819070160388947,0.18221034109592438,0.1822606921195984,0.05590883269906044,0.137824147939682,0.18204250931739807,0.18199868500232697,0.055212199687957764
10,25600,4,0.26374009251594543,0.3904447555541992,0.39082014560699463,0.17724308371543884,0.26125630736351013,0.3873032331466675,0.3876410722732544,0.17584027349948883
11,25600,4,0.12903040647506714,0.16988879442214966,0.1698426455259323,0.056162379682064056,0.12812896072864532,0.1688942313194275,0.1688252091407776,0.055434439331293106
1,1600,5,0.21066327393054962,0.23426611721515656,0.2341780960559845,0.1180054321885109,0.21150046586990356,0.23507702350616455,0.2350008338689804,0.11840463429689407
2,1600,5,0.11880046129226685,0.18576933443546295,0.18580025434494019,0.09899444133043289,0.11827968806028366,0.18511326611042023,0.18515251576900482,0.09861955046653748
3,1600,5,0.11879683285951614,0.17127078771591187,0.17081370949745178,0.0655469000339508,0.11887635290622711,0.17152687907218933,0.17106057703495026,0.0656220018863678
4,1600,5,0.12854138016700745,0.18071526288986206,0.18077068030834198,0.06235145032405853,0.12841300666332245,0.18060363829135895,0.1806544065475464,0.06223294511437416
5,1600,5,0.15200889110565186,0.231967955827713,0.23163095116615295,0.09197878837585449,0.1519860327243805,0.23202046751976013,0.23168523609638214,0.09194312989711761
6,1600,5,0.18872925639152527,0.2863795757293701,0.28633150458335876,0.11639264225959778,0.18863587081432343,0.2863176763057709,0.28626883029937744,0.1162916049361229
7,1600,5,0.10880976170301437,0.16778917610645294,0.16769717633724213,0.06781579554080963,0.10856250673532486,0.16746985912322998,0.1673661172389984,0.06759972870349884
8,1600,5,0.1342734843492508,0.21384334564208984,0.21383315324783325,0.0820997804403305,0.13420189917087555,0.21378304064273834,0.21378415822982788,0.08200445026159286
9,1600,5,0.1697521209716797,0.2221892923116684,0.22207923233509064,0.06834337115287781,0.16964660584926605,0.22210736572742462,0.2219984531402588,0.06825519353151321
10,1600,5,0.09942299872636795,0.15919677913188934,0.15920932590961456,0.08475606888532639,0.09934373944997787,0.15914347767829895,0.15913908183574677,0.0846569687128067
11,1600,5,0.1370040625333786,0.1827736496925354,0.182660311460495,0.06324894726276398,0.13844755291938782,0.18453006446361542,0.18441905081272125,0.06370386481285095
1,3200,5,0.24167600274085999,0.28240495920181274,0.28239601850509644,0.14875447750091553,0.24127495288848877,0.28191640973091125,0.28190138936042786,0.14836451411247253
2,3200,5,0.13539500534534454,0.21745499968528748,0.21758364140987396,0.1180303543806076,0.13515907526016235,0.2171320766210556,0.2172456979751587,0.117770254611969
3,3200,5,0.1686556339263916,0.2431398630142212,0.24257215857505798,0.09349032491445541,0.1685096025466919,0.24295149743556976,0.24239304661750793,0.09329754114151001
4,3200,5,0.16917784512043,0.24027544260025024,0.2403712123632431,0.08467041701078415,0.16920484602451324,0.24030081927776337,0.24038280546665192,0.08455603569746017
5,3200,5,0.1640746146440506,0.2495107203722,0.24921280145645142,0.1002257689833641,0.164048969745636,0.24949827790260315,0.2491832822561264,0.1001584529876709
6,3200,5,0.14492538571357727,0.21616555750370026,0.21615879237651825,0.08454801887273788,0.14497308433055878,0.2162487953901291,0.216241717338562,0.0845252275466919
7,3200,5,0.13469640910625458,0.21136820316314697,0.21129336953163147,0.08645281940698624,0.13456907868385315,0.21120086312294006,0.21112287044525146,0.08628512173891068
8,3200,5,0.1949756145477295,0.3115139305591583,0.31149598956108093,0.11872022598981857,0.19491295516490936,0.3115214705467224,0.31148427724838257,0.11865943670272827
9,3200,5,0.16473177075386047,0.21463920176029205,0.21455253660678864,0.0655590072274208,0.16460785269737244,0.21454975008964539,0.21446949243545532,0.0654289647936821
10,3200,5,0.12831763923168182,0.2057797759771347,0.20581918954849243,0.11022663861513138,0.1281128078699112,0.2055267095565796,0.20556554198265076,0.11003556847572327
11,3200,5,0.14263315498828888,0.18820346891880035,0.18813583254814148,0.06380418688058853,0.1419086754322052,0.1872892826795578,0.18720126152038574,0.06342148035764694
1,6400,5,0.38930070400238037,0.4429829716682434,0.4430789053440094,0.2601318359375,0.3888893127441406,0.4423891603946686,0.44251060485839844,0.2595967948436737
2,6400,5,0.24595460295677185,0.34661176800727844,0.3466295897960663,0.1835504025220871,0.24552851915359497,0.34612929821014404,0.3461664319038391,0.1832607090473175
3,6400,5,0.15484198927879333,0.22281982004642487,0.22236569225788116,0.08374564349651337,0.15469059348106384,0.22265547513961792,0.22217614948749542,0.08357345312833786
4,6400,5,0.20145902037620544,0.2845795750617981,0.284616619348526,0.09904901683330536,0.2014697939157486,0.28462162613868713,0.2846684455871582,0.09893345087766647
5,6400,5,0.1421806812286377,0.2187821865081787,0.2185274213552475,0.08678283542394638,0.14194928109645844,0.21855783462524414,0.21829311549663544,0.08657414466142654
6,6400,5,0.10246264934539795,0.15658453106880188,0.15658080577850342,0.059197988361120224,0.10229983925819397,0.15645292401313782,0.15641039609909058,0.05904292315244675
7,6400,5,0.14298643171787262,0.22650517523288727,0.2264237105846405,0.09203365445137024,0.1428859531879425,0.22640423476696014,0.22636732459068298,0.09188888221979141
8,6400,5,0.1772432029247284,0.28399598598480225,0.28405216336250305,0.10799230635166168,0.17638298869132996,0.2829553186893463,0.2829951345920563,0.10747170448303223
9,6400,5,0.13121870160102844,0.172466441988945,0.172456756234169,0.052933502942323685,0.1311236023902893,0.17238585650920868,0.17237290740013123,0.05279819294810295
10,6400,5,0.17355336248874664,0.2954556345939636,0.29570719599723816,0.16119737923145294,0.17346729338169098,0.2953978180885315,0.2956884205341339,0.16114507615566254
11,6400,5,0.16632382571697235,0.22310036420822144,0.22305433452129364,0.07686784863471985,0.16751526296138763,0.2243940830230713,0.22437021136283875,0.07716571539640427
1,12800,5,0.2460165023803711,0.2956327199935913,0.29573413729667664,0.1636747121810913,0.2459040880203247,0.29554957151412964,0.2955825626850128,0.16349466145038605
2,12800,5,0.25957977771759033,0.35855966806411743,0.35862720012664795,0.19258719682693481,0.25892505049705505,0.3579891324043274,0.35803288221359253,0.19205434620380402
3,12800,5,0.14421969652175903,0.20586250722408295,0.20570379495620728,0.07522673904895782,0.1439632624387741,0.20562858879566193,0.20550352334976196,0.07492588460445404
4,12800,5,0.21776214241981506,0.30185046792030334,0.3020137548446655,0.1063968613743782,0.21713732182979584,0.3011585772037506,0.3013060688972473,0.10594989359378815
5,12800,5,0.21300439536571503,0.3177500367164612,0.3173249065876007,0.12789218127727509,0.2125319391489029,0.31714123487472534,0.31677404046058655,0.12754926085472107
6,12800,5,0.11827493458986282,0.18057629466056824,0.18050086498260498,0.0688786506652832,0.11784345656633377,0.18017542362213135,0.18013495206832886,0.06844940036535263
7,12800,5,0.20673352479934692,0.30852314829826355,0.3084549903869629,0.12414815276861191,0.20635861158370972,0.3081373870372772,0.3080882728099823,0.1239159107208252
8,12800,5,0.2832077741622925,0.4295331835746765,0.42972278594970703,0.17467552423477173,0.2831681966781616,0.4295097589492798,0.42969730496406555,0.1746232509613037
9,12800,5,0.2569923400878906,0.3388895094394684,0.33887240290641785,0.10399458557367325,0.2570315897464752,0.339002400636673,0.3389759361743927,0.10389368236064911
10,12800,5,0.20465005934238434,0.3407447934150696,0.3410411775112152,0.18052706122398376,0.20471572875976562,0.3409268856048584,0.34122124314308167,0.18054722249507904
11,12800,5,0.12782461941242218,0.17129476368427277,0.1712421327829361,0.05814548209309578,0.1278885155916214,0.17116917669773102,0.17112481594085693,0.05793379619717598
1,25600,5,0.22294993698596954,0.2799457013607025,0.27994465827941895,0.1595202386379242,0.2222134917974472,0.2792245149612427,0.27921628952026367,0.1588740199804306
2,25600,5,0.3404858410358429,0.48568248748779297,0.4858259856700897,0.282486230134964,0.3403932452201843,0.485628604888916,0.4858090281486511,0.28243064880371094
3,25600,5,0.1882026195526123,0.29232412576675415,0.29217660427093506,0.10862141102552414,0.1879851520061493,0.29210206866264343,0.29191479086875916,0.10803690552711487
4,25600,5,0.11035273224115372,0.15800906717777252,0.15800370275974274,0.05399986729025841,0.10970339179039001,0.15753526985645294,0.15751445293426514,0.05301335081458092
5,25600,5,0.2385796457529068,0.3504849374294281,0.35006919503211975,0.15829622745513916,0.23780940473079681,0.34977152943611145,0.3494303524494171,0.15773017704486847
6,25600,5,0.08903726190328598,0.1381111741065979,0.1380458027124405,0.05351962894201279,0.08751437067985535,0.13678590953350067,0.1366811841726303,0.052213799208402634
7,25600,5,0.10961254686117172,0.16921496391296387,0.16925658285617828,0.06535878032445908,0.10906310379505157,0.16897951066493988,0.1689576655626297,0.06465424597263336
8,25600,5,0.1430485099554062,0.23005670309066772,0.23024307191371918,0.08701993525028229,0.14285649359226227,0.2301444113254547,0.23029977083206177,0.08656425774097443
9,25600,5,0.13814158737659454,0.18234285712242126,0.18224778771400452,0.05591972544789314,0.137824147939682,0.18204250931739807,0.18199869990348816,0.055212199687957764
10,25600,5,0.26368066668510437,0.3904340863227844,0.39073124527931213,0.17719823122024536,0.26125627756118774,0.38730326294898987,0.3876411020755768,0.17584027349948883
11,25600,5,0.12901896238327026,0.16987350583076477,0.16984781622886658,0.05616595968604088,0.12812897562980652,0.1688942313194275,0.1688252091407776,0.05543443188071251
1,1600,6,0.21066375076770782,0.2342524379491806,0.23418395221233368,0.1180165559053421,0.21150046586990356,0.23507700860500336,0.23500080406665802,0.11840463429689407
2,1600,6,0.11879546195268631,0.18575923144817352,0.18579843640327454,0.09899373352527618,0.11827968060970306,0.18511326611042023,0.18515253067016602,0.09861955046653748
3,1600,6,0.11880095303058624,0.1712713986635208,0.170808345079422,0.06554266810417175,0.11887633800506592,0.17152686417102814,0.17106057703495026,0.0656219944357872
4,1600,6,0.1285470426082611,0.1807263195514679,0.18077532947063446,0.0623483769595623,0.12841300666332245,0.18060363829135895,0.180654376745224,0.06223294883966446
5,1600,6,0.15200011432170868,0.23196783661842346,0.2316194623708725,0.09197980165481567,0.1519860327243805,0.23202048242092133,0.23168522119522095,0.09194312989711761
6,1600,6,0.1887211799621582,0.28635114431381226,0.2863113284111023,0.1163870096206665,0.1886359006166458,0.2863176763057709,0.28626886010169983,0.1162916049361229
7,1600,6,0.10882440209388733,0.16780994832515717,0.16770073771476746,0.0678180381655693,0.10856250673532486,0.16746985912322998,0.1673661172389984,0.06759973615407944
8,1600,6,0.13426893949508667,0.21383357048034668,0.21384094655513763,0.08210435509681702,0.13420189917087555,0.21378305554389954,0.21378415822982788,0.08200445026159286
9,1600,6,0.1697547435760498,0.22220076620578766,0.22208957374095917,0.06834406405687332,0.16964659094810486,0.22210738062858582,0.2219984382390976,0.06825519353151321
10,1600,6,0.09941967576742172,0.1592109650373459,0.15920719504356384,0.08475827425718307,0.09934373944997787,0.15914347767829895,0.15913908183574677,0.0846569687128067
11,1600,6,0.1370014250278473,0.18276681005954742,0.18265122175216675,0.0632408857345581,0.13844755291938782,0.18453006446361542,0.18441905081272125,0.06370386481285095
1,3200,6,0.24169130623340607,0.2823915183544159,0.2823784351348877,0.1487332433462143,0.24127493798732758,0.28191640973091125,0.28190138936042786,0.14836452901363373
2,3200,6,0.13539589941501617,0.21745194494724274,0.21759940683841705,0.11802524328231812,0.13515907526016235,0.2171320766210556,0.21724571287631989,0.117770254611969
3,3200,6,0.16866682469844818,0.24313873052597046,0.24259531497955322,0.09349533915519714,0.1685096025466919,0.24295149743556976,0.24239304661750793,0.09329754114151001
4,3200,6,0.16919931769371033,0.24030916392803192,0.24039562046527863,0.08468407392501831,0.16920486092567444,0.24030083417892456,0.24038280546665192,0.08455603569746017
5,3200,6,0.1640845388174057,0.24952726066112518,0.24920152127742767,0.10022908449172974,0.164048969745636,0.24949827790260315,0.2491832971572876,0.1001584455370903
6,3200,6,0.1449393332004547,0.2161916345357895,0.21619294583797455,0.08457820117473602,0.14497306942939758,0.2162487953901291,0.2162417322397232,0.0845252275466919
7,3200,6,0.1347152590751648,0.21135713160037994,0.21127097308635712,0.0864483118057251,0.13456907868385315,0.21120086312294006,0.21112288534641266,0.08628512173891068
8,3200,6,0.19498692452907562,0.31152859330177307,0.3115162253379822,0.11873851716518402,0.19491294026374817,0.3115214705467224,0.31148427724838257,0.11865943670272827
9,3200,6,0.16469793021678925,0.21460376679897308,0.2145395576953888,0.06555572152137756,0.16460785269737244,0.214549720287323,0.21446946263313293,0.0654289647936821
10,3200,6,0.12830035388469696,0.20579619705677032,0.20581334829330444,0.1102209985256195,0.12811279296875,0.2055267095565796,0.20556555688381195,0.11003556847572327
11,3200,6,0.14263632893562317,0.18821300566196442,0.18813036382198334,0.06381868571043015,0.1419086754322052,0.1872893124818802,0.18720126152038574,0.06342148035764694
1,6400,6,0.38937443494796753,0.4429967999458313,0.4431160092353821,0.2601659893989563,0.3888893127441406,0.4423891305923462,0.4425106346607208,0.2595967948436737
2,6400,6,0.24594824016094208,0.346555233001709,0.34665051102638245,0.1835385262966156,0.24552851915359497,0.34612929821014404,0.3461664319038391,0.18326067924499512
3,6400,6,0.15484459698200226,0.22281108796596527,0.22234468162059784,0.08376482874155045,0.15469059348106384,0.22265546023845673,0.22217613458633423,0.08357344567775726
4,6400,6,0.20145395398139954,0.28455865383148193,0.2846199870109558,0.09904653578996658,0.2014698088169098,0.28462162613868713,0.2846684455871582,0.09893346577882767
5,6400,6,0.14215883612632751,0.21881017088890076,0.21849779784679413,0.08678904175758362,0.14194928109645844,0.21855783462524414,0.21829311549663544,0.08657414466142654
6,6400,6,0.10250221937894821,0.15663833916187286,0.15657836198806763,0.05918861925601959,0.10229983925819397,0.15645292401313782,0.15641039609909058,0.05904292315244675
7,6400,6,0.14299631118774414,0.226526141166687,0.22649367153644562,0.09206219762563705,0.1428859531879425,0.22640424966812134,0.2263673096895218,0.09188888967037201
8,6400,6,0.17724986374378204,0.2839960753917694,0.28404077887535095,0.10799834877252579,0.17638294398784637,0.2829553186893463,0.2829951345920563,0.10747171193361282
9,6400,6,0.13123315572738647,0.1724717915058136,0.17244510352611542,0.052920401096343994,0.1311236023902893,0.17238585650920868,0.17237290740013123,0.05279819667339325
10,6400,6,0.1735270917415619,0.2954339385032654,0.295754998922348,0.16123659908771515,0.17346727848052979,0.2953977882862091,0.2956884205341339,0.16114509105682373
11,6400,6,0.16631333529949188,0.22306229174137115,0.22307851910591125,0.07687930762767792,0.16751527786254883,0.2243940830230713,0.22437021136283875,0.07716571539640427
1,12800,6,0.2459689974784851,0.29564163088798523,0.29565659165382385,0.16362988948822021,0.2459041029214859,0.29554957151412964,0.2955825626850128,0.16349466145038605
2,12800,6,0.2595672607421875,0.35865622758865356,0.35865092277526855,0.19259604811668396,0.25892502069473267,0.357989102602005,0.35803288221359253,0.1920543611049652
3,12800,6,0.14419034123420715,0.20583775639533997,0.20573613047599792,0.07522137463092804,0.1439632624387741,0.20562858879566193,0.20550352334976196,0.07492588460445404
4,12800,6,0.21779263019561768,0.3018691837787628,0.30203351378440857,0.10639358311891556,0.21713730692863464,0.3011585772037506,0.3013060688972473,0.10594990104436874
5,12800,6,0.21299342811107635,0.3177589774131775,0.3173883259296417,0.12791754305362701,0.2125319391489029,0.31714126467704773,0.31677404046058655,0.12754926085472107
6,12800,6,0.11825945973396301,0.18057355284690857,0.18055962026119232,0.0688791275024414,0.11784345656633377,0.18017542362213135,0.18013492226600647,0.06844940036535263
7,12800,6,0.2067708820104599,0.30855676531791687,0.308503121137619,0.12417738884687424,0.2063586413860321,0.308137446641922,0.3080882430076599,0.12391591817140579
8,12800,6,0.2831697463989258,0.42954021692276,0.4297279417514801,0.17467990517616272,0.2831681966781616,0.4295097589492798,0.42969730496406555,0.17462323606014252
9,12800,6,0.2569064497947693,0.3388901352882385,0.3388713002204895,0.10398255288600922,0.2570316195487976,0.3390023708343506,0.3389759361743927,0.10389368236064911
10,12800,6,0.2046726644039154,0.3407232463359833,0.34099963307380676,0.18049946427345276,0.20471572875976562,0.3409268856048584,0.3412212133407593,0.18054722249507904
11,12800,6,0.12778708338737488,0.1712927669286728,0.1711953729391098,0.05813973397016525,0.1278885304927826,0.17116914689540863,0.17112480103969574,0.05793379619717598
1,25600,6,0.22298607230186462,0.2799864113330841,0.27999311685562134,0.15963433682918549,0.2222134917974472,0.2792244851589203,0.27921628952026367,0.1588740199804306
2,25600,6,0.34063592553138733,0.48567578196525574,0.48588645458221436,0.28251251578330994,0.3403932452201843,0.48562857508659363,0.48580896854400635,0.2824306786060333
3,25600,6,0.18822969496250153,0.29234975576400757,0.29216697812080383,0.10862314701080322,0.1879851520061493,0.29210206866264343,0.29191482067108154,0.10803690552711487
4,25600,6,0.11035405844449997,0.1579793393611908,0.1579989790916443,0.05402299389243126,0.10970339179039001,0.15753526985645294,0.15751445293426514,0.05301334708929062
5,25600,6,0.2385845184326172,0.35051295161247253,0.350115567445755,0.15825863182544708,0.23780940473079681,0.34977155923843384,0.3494303226470947,0.15773017704486847
6,25600,6,0.0891043022274971,0.13813884556293488,0.13797388970851898,0.05350330099463463,0.08751437067985535,0.13678590953350067,0.1366811841726303,0.052213799208402634
7,25600,6,0.10959677398204803,0.1692831665277481,0.16921168565750122,0.06533254683017731,0.10906310379505157,0.16897954046726227,0.1689576655626297,0.06465425342321396
8,25600,6,0.14304976165294647,0.23006318509578705,0.23019027709960938,0.08699752390384674,0.14285649359226227,0.2301444411277771,0.23029978573322296,0.08656425774097443
9,25600,6,0.13819284737110138,0.18236391246318817,0.18228720128536224,0.05591582506895065,0.1378241330385208,0.18204249441623688,0.18199868500232697,0.055212199687957764
10,25600,6,0.26371362805366516,0.3903640806674957,0.3907432556152344,0.1772044599056244,0.26125630736351013,0.3873032331466675,0.3876410722732544,0.17584027349948883
11,25600,6,0.1290660947561264,0.1698942482471466,0.1698477864265442,0.05623418092727661,0.12812897562980652,0.1688942313194275,0.16882522404193878,0.055434439331293106
1,1600,7,0.2106671929359436,0.23425157368183136,0.23419077694416046,0.1180148497223854,0.21150048077106476,0.23507700860500336,0.23500078916549683,0.11840462684631348
2,1600,7,0.11880233138799667,0.18575303256511688,0.1857922524213791,0.0989820584654808,0.11827968060970306,0.18511326611042023,0.18515253067016602,0.09861955046653748
3,1600,7,0.11879348754882812,0.17127442359924316,0.1708095520734787,0.06553637236356735,0.11887633800506592,0.17152684926986694,0.17106059193611145,0.0656219944357872
4,1600,7,0.12855403125286102,0.18073749542236328,0.18078500032424927,0.062344636768102646,0.12841300666332245,0.18060363829135895,0.18065442144870758,0.06223294511437416
5,1600,7,0.15202189981937408,0.231985405087471,0.2316565066576004,0.09197565168142319,0.1519860327243805,0.23202046751976013,0.23168522119522095,0.09194313734769821
6,1600,7,0.18870510160923004,0.28633278608322144,0.28627362847328186,0.11637378484010696,0.1886359006166458,0.2863176763057709,0.28626883029937744,0.11629161238670349
7,1600,7,0.10882122069597244,0.16781660914421082,0.16771632432937622,0.06783104687929153,0.10856251418590546,0.16746985912322998,0.1673661172389984,0.06759972870349884
8,1600,7,0.13425061106681824,0.21383431553840637,0.2138279676437378,0.08210500329732895,0.13420189917087555,0.21378304064273834,0.21378415822982788,0.08200445026159286
9,1600,7,0.16973493993282318,0.22217845916748047,0.2220754325389862,0.06834881752729416,0.16964659094810486,0.22210736572742462,0.2219984531402588,0.06825519353151321
10,1600,7,0.09942324459552765,0.15921038389205933,0.15919983386993408,0.08475581556558609,0.09934374690055847,0.15914350748062134,0.15913908183574677,0.0846569836139679
11,1600,7,0.13699717819690704,0.18275496363639832,0.18264351785182953,0.0632389560341835,0.13844755291938782,0.18453006446361542,0.18441908061504364,0.06370386481285095
1,3200,7,0.24170255661010742,0.28237801790237427,0.28235939145088196,0.14876078069210052,0.24127493798732758,0.28191640973091125,0.28190138936042786,0.14836451411247253
2,3200,7,0.1353980004787445,0.21746191382408142,0.2175598293542862,0.11803393065929413,0.13515907526016235,0.2171320617198944,0.2172456830739975,0.11777026206254959
3,3200,7,0.16868385672569275,0.24315500259399414,0.24259866774082184,0.09350340813398361,0.1685096025466919,0.24295149743556976,0.24239306151866913,0.09329754114151001
4,3200,7,0.16921329498291016,0.2403152734041214,0.2404126673936844,0.08468769490718842,0.16920484602451324,0.24030083417892456,0.24038280546665192,0.08455603569746017
5,3200,7,0.16409727931022644,0.2495052069425583,0.24921588599681854,0.10021668672561646,0.164048969745636,0.24949827790260315,0.2491832822561264,0.1001584380865097
6,3200,7,0.14492565393447876,0.2161712497472763,0.21616613864898682,0.08455845713615417,0.14497308433055878,0.2162487953901291,0.2162417322397232,0.08452524244785309
7,3200,7,0.13471338152885437,0.21135137975215912,0.21126164495944977,0.08644066751003265,0.13456907868385315,0.21120086312294006,0.21112288534641266,0.08628512173891068
8,3200,7,0.19496820867061615,0.31153562664985657,0.3114928901195526,0.11873630434274673,0.19491295516490936,0.3115214705467224,0.31148427724838257,0.11865945160388947
9,3200,7,0.1646905243396759,0.21460625529289246,0.21452133357524872,0.06554862856864929,0.16460785269737244,0.2145497351884842,0.21446944773197174,0.0654289573431015
10,3200,7,0.1283084601163864,0.20578335225582123,0.20581838488578796,0.11023290455341339,0.1281128078699112,0.2055267095565796,0.20556554198265076,0.11003556847572327
11,3200,7,0.14263401925563812,0.18819348514080048,0.18811453878879547,0.06381513178348541,0.141908660531044,0.1872892826795578,0.18720126152038574,0.06342147290706635
1,6400,7,0.3894501030445099,0.44305840134620667,0.4431703984737396,0.2601938843727112,0.3888893127441406,0.4423891305923462,0.4425106346607208,0.2595967948436737
2,6400,7,0.24593417346477509,0.34656965732574463,0.3465884029865265,0.18353402614593506,0.24552851915359497,0.34612929821014404,0.3461664319038391,0.18326067924499512
3,6400,7,0.15484845638275146,0.22283515334129333,0.22233451902866364,0.08376146107912064,0.15469059348106384,0.22265547513961792,0.22217613458633423,0.08357345312833786
4,6400,7,0.20144231617450714,0.2845689058303833,0.28463226556777954,0.09904854744672775,0.2014697939157486,0.28462162613868713,0.2846684455871582,0.09893345087766647
5,6400,7,0.14217214286327362,0.21881511807441711,0.21853427588939667,0.08680302649736404,0.14194928109645844,0.21855783462524414,0.21829310059547424,0.08657414466142654
6,6400,7,0.10248803347349167,0.15660101175308228,0.1565762162208557,0.059190113097429276,0.10229983180761337,0.15645292401313782,0.15641039609909058,0.05904292315244675
7,6400,7,0.14303815364837646,0.2265600562095642,0.22652801871299744,0.09205343574285507,0.1428859531879425,0.22640423476696014,0.22636732459068298,0.09188888221979141
8,6400,7,0.17724640667438507,0.2840040922164917,0.2840641438961029,0.1079852506518364,0.17638295888900757,0.2829552888870239,0.2829951345920563,0.10747171193361282
9,6400,7,0.1312234252691269,0.17247094213962555,0.17246420681476593,0.0529339425265789,0.1311236023902893,0.17238587141036987,0.17237290740013123,0.05279819667339325
10,6400,7,0.17352628707885742,0.2954355478286743,0.29570531845092773,0.16120463609695435,0.17346729338169098,0.2953978180885315,0.2956884205341339,0.16114509105682373
11,6400,7,0.1663064807653427,0.22308778762817383,0.22307844460010529,0.0768928974866867,0.16751527786254883,0.2243940681219101,0.22437019646167755,0.07716572284698486
1,12800,7,0.2459288239479065,0.29560792446136475,0.2955544888973236,0.1635979562997818,0.2459041178226471,0.29554957151412964,0.2955825626850128,0.16349466145038605
2,12800,7,0.2595594525337219,0.3585885763168335,0.3586237132549286,0.1925867348909378,0.25892502069473267,0.357989102602005,0.35803288221359253,0.1920543611049652
3,12800,7,0.14416685700416565,0.20579303801059723,0.2056926190853119,0.07521554827690125,0.1439632624387741,0.20562858879566193,0.20550353825092316,0.07492588460445404
4,12800,7,0.2177809178829193,0.3018500506877899,0.30202218890190125,0.10641206800937653,0.21713732182979584,0.3011585772037506,0.3013060688972473,0.10594989359378815
5,12800,7,0.2129848152399063,0.3177380859851837,0.31743142008781433,0.127932608127594,0.2125319391489029,0.31714126467704773,0.31677407026290894,0.12754927575588226
6,12800,7,0.11830492317676544,0.18059666454792023,0.180526003241539,0.06887709349393845,0.11784345656633377,0.18017542362213135,0.18013492226600647,0.06844940036535263
7,12800,7,0.2067728489637375,0.3085251748561859,0.30847036838531494,0.12419165670871735,0.20635861158370972,0.3081373870372772,0.3080882728099823,0.1239159107208252
8,12800,7,0.28317612409591675,0.4295058250427246,0.42973509430885315,0.17466500401496887,0.2831681966781616,0.4295097589492798,0.42969730496406555,0.17462323606014252
9,12800,7,0.2568899691104889,0.3387584686279297,0.33871397376060486,0.103939950466156,0.2570316195487976,0.3390023708343506,0.3389759361743927,0.10389368236064911
10,12800,7,0.2046709954738617,0.3407263457775116,0.3410623371601105,0.18051321804523468,0.20471572875976562,0.340926855802536,0.34122124314308167,0.18054722249507904
11,12800,7,0.12781310081481934,0.17126648128032684,0.1712319254875183,0.05815620720386505,0.1278885006904602,0.17116917669773102,0.17112481594085693,0.05793379992246628
1,25600,7,0.2230406403541565,0.2800309956073761,0.28000256419181824,0.15963535010814667,0.2222135066986084,0.2792244851589203,0.27921628952026367,0.1588740199804306
2,25600,7,0.34050434827804565,0.4857000708580017,0.48582252860069275,0.2825212776660919,0.34039321541786194,0.48562857508659363,0.4858090281486511,0.28243064880371094
3,25600,7,0.1882873922586441,0.2923969626426697,0.2922256886959076,0.10864446312189102,0.1879851520061493,0.29210206866264343,0.29191482067108154,0.10803690552711487
4,25600,7,0.11034882068634033,0.15803216397762299,0.15797682106494904,0.05404352769255638,0.10970337688922882,0.15753525495529175,0.15751445293426514,0.05301335081458092
5,25600,7,0.23858056962490082,0.3504364788532257,0.3501967489719391,0.158262699842453,0.23780938982963562,0.34977155923843384,0.3494303524494171,0.15773017704486847
6,25600,7,0.08906688541173935,0.1381138265132904,0.13800148665905,0.05352500453591347,0.08751437067985535,0.13678589463233948,0.1366811841726303,0.052213799208402634
7,25600,7,0.10957954078912735,0.16926246881484985,0.16921353340148926,0.06534935534000397,0.10906309634447098,0.1689794957637787,0.1689576804637909,0.06465425342321396
8,25600,7,0.14305545389652252,0.23005741834640503,0.23018799722194672,0.0870203971862793,0.14285650849342346,0.2301444411277771,0.23029978573322296,0.08656425774097443
9,25600,7,0.1381809115409851,0.18233846127986908,0.18224671483039856,0.05591300129890442,0.137824147939682,0.18204250931739807,0.18199869990348816,0.05521220341324806
10,25600,7,0.26372355222702026,0.3903096616268158,0.39065316319465637,0.17722029983997345,0.26125630736351013,0.38730326294898987,0.3876410722732544,0.17584027349948883
11,25600,7,0.12906090915203094,0.16996820271015167,0.16984692215919495,0.056171610951423645,0.12812896072864532,0.1688942313194275,0.1688252091407776,0.055434439331293106
1,1600,8,0.21069005131721497,0.23428116738796234,0.23421354591846466,0.11802001297473907,0.21150049567222595,0.23507702350616455,0.2350008338689804,0.11840463429689407
2,1600,8,0.11879561096429825,0.18577370047569275,0.18579979240894318,0.09898228943347931,0.11827968060970306,0.18511326611042023,0.18515251576900482,0.09861955046653748
3,1600,8,0.11882126331329346,0.17128555476665497,0.17081978917121887,0.06554903835058212,0.11887633800506592,0.17152687907218933,0.17106057703495026,0.0656219944357872
4,1600,8,0.1285477876663208,0.18073426187038422,0.18078118562698364,0.06234161555767059,0.12841300666332245,0.18060363829135895,0.1806544065475464,0.06223295256495476
5,1600,8,0.1520191878080368,0.2319851815700531,0.2316422462463379,0.09198631346225739,0.1519860327243805,0.23202046751976013,0.23168523609638214,0.09194312989711761
6,1600,8,0.18866001069545746,0.28629443049430847,0.2862388491630554,0.11636576056480408,0.188635915517807,0.2863176763057709,0.28626883029937744,0.11629161238670349
7,1600,8,0.10881415754556656,0.16781935095787048,0.16771119832992554,0.06782825291156769,0.10856251418590546,0.16746985912322998,0.1673661172389984,0.06759973615407944
8,1600,8,0.13425390422344208,0.21382185816764832,0.21382112801074982,0.08211398124694824,0.13420189917087555,0.21378305554389954,0.21378415822982788,0.08200445026159286
9,1600,8,0.1697489470243454,0.22218717634677887,0.22208042442798615,0.06835074722766876,0.16964660584926605,0.22210738062858582,0.2219984382390976,0.06825519353151321
10,1600,8,0.09942752867937088,0.15921227633953094,0.15920382738113403,0.08475575596094131,0.09934373944997787,0.15914347767829895,0.15913908183574677,0.0846569687128067
11,1600,8,0.1370047926902771,0.1827680915594101,0.18266832828521729,0.06324551999568939,0.13844755291938782,0.18453006446361542,0.18441905081272125,0.06370386481285095
1,3200,8,0.24168606102466583,0.282402902841568,0.2823873460292816,0.14874742925167084,0.24127493798732758,0.28191643953323364,0.28190138936042786,0.14836451411247253
2,3200,8,0.13540270924568176,0.2174658179283142,0.2175743132829666,0.1180277168750763,0.13515906035900116,0.2171320766210556,0.2172456979751587,0.11777026951313019
3,3200,8,0.16868935525417328,0.24318888783454895,0.24263334274291992,0.09353356808423996,0.1685096025466919,0.24295149743556976,0.24239304661750793,0.09329754114151001
4,3200,8,0.1691940575838089,0.24028512835502625,0.24037079513072968,0.08467031270265579,0.16920486092567444,0.24030086398124695,0.24038280546665192,0.08455603569746017
5,3200,8,0.16409744322299957,0.24953369796276093,0.24923233687877655,0.10023880004882812,0.164048969745636,0.24949826300144196,0.2491832822561264,0.1001584380865097
6,3200,8,0.14493663609027863,0.2161765992641449,0.21614301204681396,0.08455467969179153,0.14497308433055878,0.2162487953901291,0.2162417322397232,0.0845252275466919
7,3200,8,0.13470062613487244,0.21135185658931732,0.21126627922058105,0.08644790202379227,0.13456907868385315,0.21120086312294006,0.21112287044525146,0.08628512173891068
8,3200,8,0.19496504962444305,0.31153398752212524,0.311501145362854,0.11875323951244354,0.19491295516490936,0.3115214705467224,0.3114842474460602,0.11865945905447006
9,3200,8,0.16470305621623993,0.21461044251918793,0.2145395576953888,0.06554228067398071,0.16460785269737244,0.21454975008964539,0.21446949243545532,0.0654289647936821
10,3200,8,0.1283152848482132,0.2058083713054657,0.2058122307062149,0.11024823784828186,0.12811279296875,0.2055266946554184,0.20556555688381195,0.11003558337688446
11,3200,8,0.14264768362045288,0.1882050484418869,0.18811847269535065,0.06381776183843613,0.1419086754322052,0.1872893124818802,0.18720126152038574,0.06342148035764694
1,6400,8,0.389442503452301,0.44304439425468445,0.44319844245910645,0.26020941138267517,0.388889342546463,0.4423891603946686,0.44251060485839844,0.2595967948436737
2,6400,8,0.24595673382282257,0.34655365347862244,0.346588671207428,0.18351617455482483,0.24552851915359497,0.34612929821014404,0.3461664021015167,0.1832607090473175
3,6400,8,0.1548372507095337,0.22280770540237427,0.22232769429683685,0.08373626321554184,0.15469059348106384,0.22265547513961792,0.22217614948749542,0.08357345312833786
4,6400,8,0.20147745311260223,0.2846018373966217,0.2846176326274872,0.09906959533691406,0.2014698088169098,0.28462162613868713,0.2846684157848358,0.09893345087766647
5,6400,8,0.14217984676361084,0.2187989354133606,0.2185269445180893,0.08680146187543869,0.14194928109645844,0.21855781972408295,0.21829311549663544,0.08657414466142654
6,6400,8,0.10247644037008286,0.15660353004932404,0.15658149123191833,0.05918597802519798,0.10229983925819397,0.156452938914299,0.15641039609909058,0.05904292315244675
7,6400,8,0.14303377270698547,0.22657884657382965,0.22653286159038544,0.09206148236989975,0.1428859531879425,0.22640423476696014,0.2263673096895218,0.09188888221979141
8,6400,8,0.1772509217262268,0.2840030789375305,0.2840418517589569,0.10800040513277054,0.17638295888900757,0.2829553186893463,0.28299516439437866,0.10747170448303223
9,6400,8,0.13120505213737488,0.17244477570056915,0.17246422171592712,0.05292954295873642,0.1311236023902893,0.17238585650920868,0.17237290740013123,0.05279819294810295
10,6400,8,0.1735478639602661,0.2954389750957489,0.2957046627998352,0.16122080385684967,0.17346729338169098,0.2953978180885315,0.2956884205341339,0.16114509105682373
11,6400,8,0.16630542278289795,0.22307397425174713,0.2230738401412964,0.07689687609672546,0.16751526296138763,0.2243940830230713,0.22437021136283875,0.07716571539640427
1,12800,8,0.24586883187294006,0.295504093170166,0.29559066891670227,0.1635601669549942,0.2459040880203247,0.295549601316452,0.2955825626850128,0.16349466145038605
2,12800,8,0.2595691978931427,0.35860905051231384,0.3586679697036743,0.19257323443889618,0.25892502069473267,0.357989102602005,0.35803288221359253,0.1920543611049652
3,12800,8,0.14420104026794434,0.20580461621284485,0.20570845901966095,0.07522104680538177,0.1439632624387741,0.20562858879566193,0.20550352334976196,0.07492588460445404
4,12800,8,0.2178383320569992,0.3019435703754425,0.3020566701889038,0.10640636831521988,0.21713735163211823,0.3011585772037506,0.3013060688972473,0.10594989359378815
5,12800,8,0.21305543184280396,0.3177797496318817,0.31740033626556396,0.12792474031448364,0.2125319391489029,0.31714126467704773,0.31677404046058655,0.12754926085472107
6,12800,8,0.11828792095184326,0.18057268857955933,0.1805247664451599,0.06886329501867294,0.11784345656633377,0.18017542362213135,0.18013495206832886,0.06844940036535263
7,12800,8,0.20672324299812317,0.3085271418094635,0.30845820903778076,0.12413866817951202,0.2063586413860321,0.3081373870372772,0.3080882728099823,0.12391591817140579
8,12800,8,0.2831709682941437,0.4295159876346588,0.4296416640281677,0.17464527487754822,0.2831681966781616,0.4295097589492798,0.42969730496406555,0.1746232509613037
9,12800,8,0.2568565905094147,0.33871424198150635,0.33870357275009155,0.10395748168230057,0.2570315897464752,0.33900243043899536,0.3389759361743927,0.10389368236064911
10,12800,8,0.20466779172420502,0.3407081961631775,0.3410145938396454,0.18050050735473633,0.20471572875976562,0.3409268856048584,0.34122127294540405,0.18054722249507904
11,12800,8,0.12780773639678955,0.17124976217746735,0.17120923101902008,0.05814347043633461,0.1278885155916214,0.17116917669773102,0.17112480103969574,0.05793379247188568
1,25600,8,0.22309212386608124,0.28004130721092224,0.2800614535808563,0.15963293612003326,0.2222134917974472,0.2792245149612427,0.27921628952026367,0.158874049782753
2,25600,8,0.34045863151550293,0.4856266677379608,0.4858180284500122,0.28247758746147156,0.34039321541786194,0.48562857508659363,0.4858090281486511,0.28243064880371094
3,25600,8,0.18827806413173676,0.2923925220966339,0.29219913482666016,0.10863153636455536,0.1879851520061493,0.29210206866264343,0.29191482067108154,0.10803690552711487
4,25600,8,0.11031922698020935,0.15799377858638763,0.15797050297260284,0.05399899184703827,0.10970339179039001,0.15753525495529175,0.15751446783542633,0.05301335081458092
5,25600,8,0.23851865530014038,0.3505081832408905,0.35008567571640015,0.1582459658384323,0.23780940473079681,0.34977152943611145,0.3494303226470947,0.15773017704486847
6,25600,8,0.08905988186597824,0.13817620277404785,0.13805797696113586,0.053544268012046814,0.08751437067985535,0.13678590953350067,0.1366811841726303,0.05221379175782204
7,25600,8,0.10957140475511551,0.16920214891433716,0.16925421357154846,0.06536412984132767,0.10906311124563217,0.16897954046726227,0.1689576655626297,0.06465425342321396
8,25600,8,0.14306628704071045,0.23005646467208862,0.23024292290210724,0.08700188249349594,0.14285650849342346,0.2301444411277771,0.23029978573322296,0.08656425029039383
9,25600,8,0.1382438689470291,0.1824076622724533,0.1823374330997467,0.055924687534570694,0.137824147939682,0.18204250931739807,0.18199869990348816,0.05521220713853836
10,25600,8,0.2636997699737549,0.39030975103378296,0.3905501067638397,0.17712880671024323,0.26125630736351013,0.38730326294898987,0.3876411020755768,0.17584025859832764
11,25600,8,0.129096120595932,0.16993747651576996,0.16981934010982513,0.05619148537516594,0.12812897562980652,0.1688942313194275,0.1688252091407776,0.055434439331293106
1,1600,9,0.2107141762971878,0.23431235551834106,0.2342395782470703,0.1180371418595314,0.21150048077106476,0.23507700860500336,0.23500078916549683,0.11840463429689407
2,1600,9,0.11879277229309082,0.1857505887746811,0.1858016699552536,0.09898983687162399,0.11827968806028366,0.18511328101158142,0.18515253067016602,0.09861955046653748
3,1600,9,0.11881184577941895,0.17130102217197418,0.1708366572856903,0.06555412709712982,0.11887633800506592,0.17152686417102814,0.17106059193611145,0.0656220018863678
4,1600,9,0.12855517864227295,0.18073421716690063,0.18078140914440155,0.06234297528862953,0.12841302156448364,0.18060362339019775,0.1806544065475464,0.06223294511437416
5,1600,9,0.15201790630817413,0.23196883499622345,0.23163412511348724,0.09197260439395905,0.15198606252670288,0.23202046751976013,0.23168523609638214,0.09194313734769821
6,1600,9,0.1886531114578247,0.28624534606933594,0.28621602058410645,0.11634525656700134,0.1886359006166458,0.2863176763057709,0.28626883029937744,0.1162916049361229
7,1600,9,0.1088123619556427,0.16781453788280487,0.16770175099372864,0.06782405078411102,0.10856251418590546,0.1674698442220688,0.1673661470413208,0.06759972870349884
8,1600,9,0.13424867391586304,0.2138053923845291,0.2138126790523529,0.08208822458982468,0.13420189917087555,0.21378304064273834,0.21378415822982788,0.08200445026159286
9,1600,9,0.16975589096546173,0.22219182550907135,0.22208265960216522,0.06834675371646881,0.16964660584926605,0.22210736572742462,0.2219984531402588,0.06825519353151321
10,1600,9,0.09941922873258591,0.1591939777135849,0.15919460356235504,0.0847502276301384,0.09934374690055847,0.15914347767829895,0.15913908183574677,0.0846569836139679
11,1600,9,0.13698267936706543,0.18274052441120148,0.18265442550182343,0.06324027478694916,0.13844755291938782,0.18453006446361542,0.18441905081272125,0.06370386481285095
1,3200,9,0.24169354140758514,0.28238576650619507,0.28236865997314453,0.14873221516609192,0.24127493798732758,0.28191640973091125,0.28190135955810547,0.14836451411247253
2,3200,9,0.13539905846118927,0.21747063100337982,0.21755407750606537,0.11801061779260635,0.13515907526016235,0.2171320766210556,0.2172456979751587,0.11777026206254959
3,3200,9,0.16869524121284485,0.24316702783107758,0.2426176220178604,0.09350650757551193,0.1685096025466919,0.24295149743556976,0.24239304661750793,0.09329754114151001
4,3200,9,0.16917528212070465,0.24027137458324432,0.24039702117443085,0.08468719571828842,0.16920484602451324,0.24030081927776337,0.24038280546665192,0.08455603569746017
5,3200,9,0.1640990674495697,0.24953025579452515,0.24920250475406647,0.10023230314254761,0.164048969745636,0.24949827790260315,0.2491832822561264,0.1001584455370903
6,3200,9,0.14490114152431488,0.2161443680524826,0.21614432334899902,0.08457039296627045,0.14497308433055878,0.2162487953901291,0.2162417322397232,0.08452524244785309
7,3200,9,0.1347094476222992,0.21136870980262756,0.2112814038991928,0.08644367754459381,0.13456907868385315,0.21120086312294006,0.21112285554409027,0.08628510683774948
8,3200,9,0.1949850469827652,0.3115544319152832,0.31149640679359436,0.11873721331357956,0.19491295516490936,0.3115214705467224,0.31148427724838257,0.11865943670272827
9,3200,9,0.1647096872329712,0.21462661027908325,0.21452559530735016,0.06553575396537781,0.16460785269737244,0.2145497351884842,0.21446946263313293,0.0654289573431015
10,3200,9,0.12831906974315643,0.20579569041728973,0.2058396190404892,0.11023297160863876,0.1281128078699112,0.2055267095565796,0.20556554198265076,0.11003557592630386
11,3200,9,0.14263038337230682,0.18822677433490753,0.18812605738639832,0.06381560117006302,0.1419086754322052,0.1872893124818802,0.18720124661922455,0.06342147290706635
1,6400,9,0.3894135653972626,0.44307848811149597,0.44320061802864075,0.26021164655685425,0.3888893127441406,0.4423891603946686,0.44251060485839844,0.2595967948436737
2,6400,9,0.24593323469161987,0.34656503796577454,0.34660977125167847,0.18356144428253174,0.24552851915359497,0.34612929821014404,0.3461664319038391,0.18326067924499512
3,6400,9,0.15484270453453064,0.2228173166513443,0.22235555946826935,0.08374185115098953,0.15469059348106384,0.22265547513961792,0.22217613458633423,0.08357345312833786
4,6400,9,0.2014627605676651,0.28459271788597107,0.28462880849838257,0.09904976189136505,0.2014698088169098,0.28462162613868713,0.2846684455871582,0.09893345087766647
5,6400,9,0.1421799212694168,0.21879933774471283,0.2185344099998474,0.08679544180631638,0.14194928109645844,0.21855783462524414,0.21829310059547424,0.08657414466142654
6,6400,9,0.10248171538114548,0.15662755072116852,0.1565891057252884,0.05919008329510689,0.10229983925819397,0.15645292401313782,0.15641039609909058,0.05904292315244675
7,6400,9,0.1430276483297348,0.22655265033245087,0.22651056945323944,0.09203284978866577,0.1428859531879425,0.22640424966812134,0.2263673096895218,0.09188888221979141
8,6400,9,0.17725777626037598,0.28401756286621094,0.28403523564338684,0.10798891633749008,0.17638294398784637,0.2829552888870239,0.2829951345920563,0.10747170448303223
9,6400,9,0.13119739294052124,0.1724674105644226,0.17244011163711548,0.05291460081934929,0.1311236023902893,0.17238585650920868,0.17237289249897003,0.05279818922281265
10,6400,9,0.17354485392570496,0.2954367399215698,0.29574233293533325,0.16124989092350006,0.17346729338169098,0.2953977882862091,0.2956884205341339,0.16114509105682373
11,6400,9,0.16631385684013367,0.22306694090366364,0.22306491434574127,0.07687931507825851,0.16751527786254883,0.2243940681219101,0.22437021136283875,0.07716571539640427
1,12800,9,0.2458602637052536,0.2954455018043518,0.2955000400543213,0.163555309176445,0.2459041178226471,0.295549601316452,0.2955825626850128,0.16349467635154724
2,12800,9,0.259605348110199,0.35863468050956726,0.3586674630641937,0.19253943860530853,0.25892502069473267,0.357989102602005,0.35803288221359253,0.1920543611049652
3,12800,9,0.14417126774787903,0.20580878853797913,0.20566999912261963,0.07521309703588486,0.1439632624387741,0.20562860369682312,0.20550352334976196,0.07492588460445404
4,12800,9,0.2178402841091156,0.3019297420978546,0.3020792603492737,0.10644490271806717,0.21713732182979584,0.3011585772037506,0.3013060688972473,0.10594990104436874
5,12800,9,0.21302685141563416,0.3177918791770935,0.3174228370189667,0.12792246043682098,0.2125319391489029,0.31714123487472534,0.31677404046058655,0.12754927575588226
6,12800,9,0.11828026920557022,0.18056592345237732,0.18052637577056885,0.06888101249933243,0.11784346401691437,0.18017542362213135,0.18013495206832886,0.06844940036535263
7,12800,9,0.20670102536678314,0.30847856402397156,0.30846062302589417,0.12414319068193436,0.20635861158370972,0.3081373870372772,0.3080882430076599,0.12391591817140579
8,12800,9,0.28313931822776794,0.4294584393501282,0.4297335147857666,0.17463262379169464,0.2831681966781616,0.4295097589492798,0.42969730496406555,0.17462323606014252
9,12800,9,0.2568359076976776,0.3387109339237213,0.3386377990245819,0.1039043590426445,0.2570316195487976,0.3390023708343506,0.3389759063720703,0.10389368236064911
10,12800,9,0.20463213324546814,0.3406994044780731,0.3410254716873169,0.18049556016921997,0.20471574366092682,0.3409268856048584,0.3412212133407593,0.18054722249507904
11,12800,9,0.1277664750814438,0.1713085025548935,0.1712220013141632,0.058133456856012344,0.1278885006904602,0.17116914689540863,0.17112480103969574,0.05793379619717598
1,25600,9,0.22307956218719482,0.2800719141960144,0.28013187646865845,0.15964998304843903,0.2222135066986084,0.2792245149612427,0.27921628952026367,0.158874049782753
2,25600,9,0.34046563506126404,0.4855984151363373,0.4858052134513855,0.2825106680393219,0.34039321541786194,0.485628604888916,0.4858090281486511,0.28243064880371094
3,25600,9,0.18829047679901123,0.2924245297908783,0.2922419309616089,0.10867422074079514,0.1879851520061493,0.29210203886032104,0.29191479086875916,0.10803690552711487
4,25600,9,0.11038368195295334,0.15807200968265533,0.1580212414264679,0.054021116346120834,0.10970339924097061,0.15753525495529175,0.15751445293426514,0.05301335081458092
5,25600,9,0.2385537177324295,0.35045263171195984,0.35012057423591614,0.15820421278476715,0.23780938982963562,0.34977155923843384,0.3494303226470947,0.15773017704486847
6,25600,9,0.08907978236675262,0.1381356120109558,0.1380460262298584,0.05352688208222389,0.08751436322927475,0.13678590953350067,0.13668116927146912,0.052213799208402634
7,25600,9,0.10962235927581787,0.1692594289779663,0.16923902928829193,0.06533385813236237,0.10906310379505157,0.16897951066493988,0.1689576655626297,0.06465425342321396
8,25600,9,0.14300623536109924,0.23005038499832153,0.23022739589214325,0.0869930163025856,0.14285649359226227,0.2301444113254547,0.23029978573322296,0.08656425774097443
9,25600,9,0.13823190331459045,0.18238288164138794,0.18235106766223907,0.05595814809203148,0.137824147939682,0.18204250931739807,0.18199869990348816,0.05521220341324806
10,25600,9,0.2636338770389557,0.3902474045753479,0.39052367210388184,0.17713569104671478,0.26125630736351013,0.38730326294898987,0.3876410722732544,0.17584025859832764
11,25600,9,0.12909038364887238,0.16994257271289825,0.16994667053222656,0.056196775287389755,0.12812896072864532,0.1688942313194275,0.1688252091407776,0.0554344467818737
